"IDCommune","CodePostal","Commune"
0,1090,"MONTCEAUX"
1,1100,"OYONNAX"
2,1100,"BELLIGNAT"
3,1100,"ARBENT"
4,1110,"BRENOD"
5,1110,"PLATEAU D'HAUTEVILLE"
6,1120,"MONTLUEL"
7,1120,"DAGNEUX"
8,1130,"ST-GERMAIN-DE-JOUX"
9,1130,"LE POIZAT-LALLEYRIAT"
10,1130,"NANTUA"
11,1150,"SAULT-BRENAZ"
12,1150,"LAGNIEU"
13,1150,"SAINT-VULBAS"
14,1170,"CHEVRY"
15,1170,"GEX"
16,1170,"CESSY"
17,1170,"SEGNY"
18,1170,"VESANCY"
19,1170,"ECHENEVEX"
20,1170,"CROZET"
21,1200,"VALSERHONE"
22,1210,"FERNEY-VOLTAIRE"
23,1210,"ORNEX"
24,1210,"VERSONNEX"
25,1220,"DIVONNE-LES-BAINS"
26,1260,"CHAMPAGNE-EN-VALROMEY"
27,1260,"HAUT-VALROMEY"
28,1280,"PREVESSIN-MOENS"
29,1300,"BELLEY"
30,1330,"VILLARS-LES-DOMBES"
31,1350,"CULOZ"
32,1360,"LOYETTES"
33,1370,"SAINT-ETIENNE-DU-BOIS"
34,1390,"MIONNAY"
35,1410,"LELEX"
36,1410,"MIJOUX"
37,1480,"JASSANS-RIOTTIER"
38,1480,"BEAUREGARD"
39,1500,"AMBERIEU-EN-BUGEY"
40,1500,"SAINT-DENIS-EN-BUGEY"
41,1550,"COLLONGES"
42,1550,"FARGES"
43,1580,"IZERNORE"
44,1580,"MATAFELON-GRANGES"
45,1590,"DORTAN"
46,1630,"PERON"
47,1630,"ST-GENIS-POUILLY"
48,1630,"SERGY"
49,1640,"SAINT-JEAN-LE-VIEUX"
50,1640,"JUJURIEUX"
51,1710,"THOIRY"
52,1800,"MEXIMIEUX"
53,1800,"VILLIEU-LOYES-MOLLON"
54,2000,"LAON"
55,2000,"URCEL"
56,2100,"SAINT QUENTIN"
57,2130,"FERE EN TARDENOIS"
58,2200,"SOISSONS"
59,2200,"COURMELLES"
60,2200,"BELLEU"
61,2290,"VIC SUR AISNE"
62,2300,"CHAUNY"
63,2370,"VAILLY-SUR-AISNE"
64,2400,"CHATEAU THIERRY"
65,2410,"SAINT GOBAIN"
66,2600,"VILLERS-COTTERETS"
67,2600,"LARGNY SUR AUTOMNE"
68,2600,"COEUVRES ET VALSERY"
69,2670,"FOLEMBRAY"
70,2700,"TERGNIER"
71,2800,"LA FERE"
72,2880,"NANTEUIL LA FOSSE"
73,3000,"MOULINS"
74,3200,"VICHY"
75,3300,"CUSSET"
76,3400,"YZEURE"
77,4000,"DIGNE-LES-BAINS"
78,4100,"MANOSQUE"
79,4120,"CASTELLANE"
80,4120,"DEMANDOLX"
81,4130,"VOLX"
82,4140,"MONTCLAR"
83,4140,"SEYNE"
84,4140,"SELONNET"
85,4160,"CHATEAU-ARNOUX-SAINT-AUBAN"
86,4160,"L ESCALE"
87,4180,"VILLENEUVE"
88,4200,"SISTERON"
89,4200,"PEIPIN"
90,4200,"NOYERS-SUR-JABRON"
91,4210,"VALENSOLE"
92,4220,"SAINTE-TULLE"
93,4230,"SAINT-ETIENNE-LES-ORGUES"
94,4260,"ALLOS"
95,4290,"VOLONNE"
96,4300,"FORCALQUIER"
97,4300,"PIERRERUE"
98,4330,"BARREME"
99,4340,"LE LAUZET UBAYE"
100,4400,"ENCHASTRAYES"
101,4400,"FAUCON-DE-BARCELONNETTE"
102,4400,"BARCELONNETTE"
103,4400,"UVERNET-FOURS"
104,4500,"RIEZ"
105,4500,"SAINTE CROIX DU VERDON"
106,4700,"ORAISON"
107,4800,"GREOUX-LES-BAINS"
108,4800,"SAINT-MARTIN-DE-BROMES"
109,4850,"JAUSIERS"
110,5000,"GAP"
111,5100,"BRIANCON"
112,5100,"NEVACHE"
113,5100,"MONTGENEVRE"
114,5120,"L'ARGENTIERE-LA-BESSEE"
115,5160,"SAVINES-LE-LAC"
116,5170,"ORCIERES"
117,5200,"EMBRUN"
118,5200,"SAINT-SAUVEUR"
119,5200,"LES ORRES"
120,5200,"PUY-SANIERES"
121,5220,"LE MONETIER-LES-BAINS"
122,5230,"MONTGARDIN"
123,5230,"CHORGES"
124,5230,"LA BATIE NEUVE"
125,5240,"LA SALLE"
126,5250,"LE DEVOLUY"
127,5260,"SAINT-MICHEL-DE-CHAILLOL"
128,5260,"ANCELLE"
129,5290,"PUY SAINT VINCENT"
130,5300,"LARAGNE-MONTEGLIN"
131,5330,"SAINT-CHAFFREY"
132,5340,"VALLOUISE-PELVOUX"
133,5400,"VEYNES"
134,5460,"ABRIES-RISTOLAS"
135,5500,"SAINT-BONNET-EN-CHAMPSAUR"
136,5500,"LAYE"
137,5560,"VARS"
138,5600,"RISOUL"
139,5600,"GUILLESTRE"
140,5700,"SERRES"
141,5800,"LA CHAPELLE-EN-VALGAUDEMAR"
142,6000,"NICE"
143,6100,"NICE"
144,6110,"LE CANNET"
145,6130,"GRASSE"
146,6140,"VENCE"
147,6150,"CANNES"
148,6160,"ANTIBES"
149,6190,"ROQUEBRUNE CAP MARTIN"
150,6200,"NICE"
151,6210,"MANDELIEU-LA-NAPOULE"
152,6220,"VALLAURIS"
153,6230,"VILLEFRANCHE-SUR-MER"
154,6230,"SAINT-JEAN-CAP-FERRAT"
155,6240,"BEAUSOLEIL"
156,6250,"MOUGINS"
157,6260,"PUGET-THENIERS"
158,6270,"VILLENEUVE-LOUBET"
159,6300,"NICE"
160,6310,"BEAULIEU SUR MER"
161,6320,"CAP-D AIL"
162,6320,"LA TURBIE"
163,6340,"LA TRINITE"
164,6340,"DRAP"
165,6340,"CANTARON"
166,6360,"EZE"
167,6370,"MOUANS-SARTOUX"
168,6380,"SOSPEL"
169,6380,"MOULINET"
170,6390,"BENDEJUN"
171,6390,"CONTES"
172,6390,"BERRE-LES-ALPES"
173,6400,"CANNES"
174,6410,"BIOT"
175,6420,"ISOLA"
176,6420,"VALDEBLORE"
177,6420,"RIMPLAS"
178,6420,"CLANS"
179,6430,"LA BRIGUE"
180,6430,"TENDE"
181,6440,"PEILLON"
182,6440,"L'ESCARENE"
183,6440,"PEILLE"
184,6440,"BLAUSASC"
185,6440,"LUCERAM"
186,6450,"SAINT-MARTIN-VESUBIE"
187,6450,"ROQUEBILLIERE"
188,6450,"BELVEDERE"
189,6450,"LANTOSQUE"
190,6450,"LA BOLLENE-VESUBIE"
191,6450,"UTELLE"
192,6460,"SAINT-VALLIER-DE-THIEY"
193,6470,"PEONE"
194,6470,"GUILLAUMES"
195,6470,"BEUIL"
196,6480,"LA COLLE SUR LOUP"
197,6500,"MENTON"
198,6500,"CASTELLAR"
199,6500,"CASTILLON"
200,6500,"GORBIO"
201,6500,"SAINTE-AGNES"
202,6510,"CARROS"
203,6510,"LE BROC"
204,6530,"SAINT-CEZAIRE-SUR-SIAGNE"
205,6530,"PEYMEINADE"
206,6540,"SAORGE"
207,6540,"BREIL-SUR-ROYA"
208,6550,"LA ROQUETTE SUR SIAGNE"
209,6560,"VALBONNE"
210,6570,"SAINT-PAUL-DE-VENCE"
211,6580,"PEGOMAS"
212,6590,"THEOULE-SUR-MER"
213,6600,"ANTIBES"
214,6610,"LA GAUDE"
215,6620,"LE BAR-SUR-LOUP"
216,6620,"GREOLIERES"
217,6660,"SAINT-ETIENNE-DE-TINEE"
218,6670,"SAINT-MARTIN-DU-VAR"
219,6670,"COLOMARS"
220,6670,"LEVENS"
221,6670,"LA ROQUETTE SUR VAR"
222,6700,"SAINT LAURENT DU VAR"
223,6710,"VILLARS-SUR-VAR"
224,6730,"SAINT-ANDRE DE LA ROCHE"
225,6750,"ANDON"
226,6790,"ASPREMONT"
227,6800,"CAGNES SUR MER"
228,6830,"GILETTE"
229,6830,"TOUDON"
230,6950,"FALICON"
231,7000,"PRIVAS"
232,7000,"ST JULIEN EN ST ALBAN"
233,7100,"ANNONAY"
234,7120,"RUOMS"
235,7130,"SAINT-PERAY"
236,7140,"GRAVIERES"
237,7150,"SALAVAS"
238,7150,"VALLON PONT D'ARC"
239,7200,"AUBENAS"
240,7200,"LABEGUDE"
241,7200,"LANAS"
242,7200,"SAINT-SERNIN"
243,7220,"VIVIERS"
244,7220,"SAINT-MONTAN"
245,7300,"TOURNON-SUR-RHONE"
246,7300,"SAINT-JEAN-DE-MUZOLS"
247,7340,"FELINES"
248,7370,"SARRAS"
249,7430,"DAVEZIEUX"
250,7500,"GUILHERAND-GRANGES"
251,7600,"VALS-LES-BAINS"
252,7700,"SAINT-JUST-D'ARDECHE"
253,7700,"BOURG-SAINT-ANDEOL"
254,7700,"SAINT-MARTIN-D' ARDECHE"
255,7800,"LA-VOULTE-SUR-RHONE"
256,7800,"CHARMES-SUR-RHONE"
257,7800,"SAINT-GEORGES-LES-BAINS"
258,8000,"CHARLEVILLE-MEZIERES"
259,8090,"SAINT-LAURENT"
260,8110,"CARIGNAN"
261,8140,"BAZEILLES"
262,8200,"SEDAN"
263,8200,"BALAN"
264,8300,"RETHEL"
265,8600,"GIVET"
266,9000,"FOIX"
267,9100,"SAINT-JEAN-DU-FALGA"
268,9100,"PAMIERS"
269,9110,"AX-LES-THERMES"
270,9140,"USTOU"
271,9250,"LUZENAC"
272,9300,"LAVELANET"
273,9350,"DAUMAZAN-SUR-ARIZE"
274,9500,"MIREPOIX"
275,9700,"SAVERDUN"
276,10000,"TROYES"
277,10100,"ROMILLY SUR SEINE"
278,10120,"SAINT ANDRE LES VERGERS"
279,10150,"PONTSAINTE MARIE"
280,10200,"BAR SUR AUBE"
281,10200,"COLOMBE LA FOSSE"
282,10300,"SAINTE SAVINE"
283,10400,"TRAINEL"
284,10400,"NOGENT SUR SEINE"
285,10420,"LES NOES PRES TROYES"
286,10430,"ROSIERES PRES TROYES"
287,10500,"DIENVILLE"
288,10600,"LA CHAPELLE ST LUC"
289,10800,"SAINT JULIEN LES VILLAS"
290,11000,"CARCASSONNE"
291,11100,"NARBONNE"
292,11100,"BAGES"
293,11110,"VINASSAN"
294,11110,"SALLES D AUDE"
295,11110,"COURSAN"
296,11120,"MOUSSAN"
297,11130,"SIGEAN"
298,11150,"PEXIORA"
299,11190,"RENNES LES BAINS"
300,11200,"BOUTENAC"
301,11200,"LEZIGNAN-CORBIERES"
302,11210,"PORT-LA-NOUVELLE"
303,11290,"LAVALETTE"
304,11300,"LIMOUX"
305,11370,"LEUCATE"
306,11400,"CASTELNAUDARY"
307,11430,"GRUISSAN"
308,11440,"PEYRIAC DE MER"
309,11510,"FITOU"
310,11560,"FLEURY D AUDE"
311,11800,"TREBES"
312,12000,"LE MONASTERE"
313,13001,"MARSEILLE 1ER"
314,13002,"MARSEILLE 2EME"
315,13003,"MARSEILLE 3EME"
316,13004,"MARSEILLE 4EME"
317,13004,"MARSEILLE 12EME"
318,13005,"MARSEILLE 5EME"
319,13006,"MARSEILLE 6EME"
320,13007,"MARSEILLE 7EME"
321,13008,"MARSEILLE 8EME"
322,13009,"MARSEILLE 9EME"
323,13010,"MARSEILLE 10EME"
324,13011,"MARSEILLE 11EME"
325,13012,"MARSEILLE 12EME"
326,13013,"MARSEILLE 14EME"
327,13013,"MARSEILLE 13EME"
328,13014,"MARSEILLE 14EME"
329,13015,"MARSEILLE 15EME"
330,13016,"MARSEILLE 16EME"
331,13100,"AIX EN PROVENCE"
332,13112,"LA DESTROUSSE"
333,13119,"SAINT SAVOURNIN"
334,13124,"PEYPIN"
335,13127,"VITROLLES"
336,13140,"MIRAMAS"
337,13160,"CHATEAURENARD"
338,13180,"GIGNAC-LA-NERTHE"
339,13190,"ALLAUCH"
340,13200,"ARLES"
341,13210,"SAINT-REMY-DE-PROVENCE"
342,13220,"CHATEAUNEUF-LES-MARTIGUES"
343,13260,"CASSIS"
344,13300,"SALON-DE-PROVENCE"
345,13360,"ROQUEVAIRE"
346,13380,"PLAN DE CUQUES"
347,13390,"AURIOL"
348,13400,"AUBAGNE"
349,13420,"GEMENOS"
350,13430,"EYGUIERES"
351,13470,"CARNOUX-EN-PROVENCE"
352,13600,"LA CIOTAT"
353,13630,"EYRAGUES"
354,13690,"GRAVESON"
355,13700,"MARIGNANE"
356,13720,"LA BOUILLADISSE"
357,13780,"CUGES LES PINS"
358,13790,"ROUSSET"
359,13820,"ENSUES-LA-REDONNE"
360,13821,"LA PENNE SUR HUVEAUNE"
361,13830,"ROQUEFORT LA BEDOULE"
362,13850,"GREASQUE"
363,14000,"CAEN"
364,14100,"LISIEUX"
365,14130,"PONT-L EVEQUE"
366,14160,"DIVES-SUR-MER"
367,14360,"TROUVILLE-SUR-MER"
368,14430,"DOZULE"
369,14450,"GRANDCAMP-MAISY"
370,14510,"HOULGATE"
371,14600,"HONFLEUR"
372,14600,"EQUEMAUVILLE"
373,14600,"RIVIERE-SAINT-SAUVEUR (LA)"
374,14640,"VILLERS-SUR-MER"
375,14800,"DEAUVILLE"
376,14800,"TOURGEVILLE"
377,14800,"TOUQUES"
378,14800,"SAINT-ARNOULT"
379,14810,"MERVILLE FRANCEVILLE"
380,14910,"BLONVILLE-SUR-MER"
381,14910,"BENERVILLE-SUR-MER"
382,16000,"ANGOULEME"
383,16160,"GOND PONTOUVRE"
384,16300,"BARBEZIEUX SAINT HILAIRE"
385,16340,"L'ISLE D'ESPAGNAC"
386,16470,"SAINT-MICHEL"
387,16600,"RUELLE-SUR-TOUVRE"
388,16800,"SOYAUX"
389,17000,"LA ROCHELLE"
390,17100,"SAINTES"
391,17110,"SAINT-GEORGES-DE-DIDONNE"
392,17111,"LOIX"
393,17120,"BARZAN"
394,17132,"MESCHERS-SUR-GIRONDE"
395,17138,"SAINT-XANDRE"
396,17138,"PUILBOREAU"
397,17139,"DOMPIERRE-SUR-MER"
398,17140,"LAGORD"
399,17170,"COURCON"
400,17180,"PERIGNY"
401,17220,"CLAVETTE"
402,17230,"MARANS"
403,17300,"ROCHEFORT"
404,17340,"CHATELAILLON-PLAGE"
405,17400,"ST JEAN D'ANGELY"
406,17410,"SAINT-MARTIN-DE-RE"
407,17430,"TONNAY CHARENTE"
408,17440,"AYTRE"
409,17450,"FOURAS"
410,17590,"ARS-EN-RE"
411,17600,"SAUJON"
412,17690,"ANGOULINS"
413,17880,"LES PORTES-EN-RE"
414,18000,"BOURGES"
415,18100,"VIERZON"
416,18200,"SAINT-AMAND-MONTROND"
417,18400,"SAINT-FLORENT-SUR-CHER"
418,18500,"MEHUN-SUR-YEVRE"
419,18500,"ALLOUIS"
420,18570,"MORTHOMIERS"
421,18700,"AUBIGNY-SUR-NERE"
422,19000,"TULLE"
423,19100,"BRIVE LA GAILLARDE"
424,19200,"USSEL"
425,19230,"SAINT-SORNIN-LAVOLPS"
426,19260,"TREIGNAC"
427,19270,"USSAC"
428,19270,"SAINTE FEREOLE"
429,19360,"MALEMORT"
430,20000,"AJACCIO"
431,20000,"LECCI"
432,20090,"AJACCIO"
433,20100,"SARTENE"
434,20110,"PROPRIANO"
435,20110,"ARBELLARA"
436,20110,"BELVEDERE-CAMPOMORO"
437,20110,"VIGGIANELLO"
438,20111,"CASAGLIONE"
439,20111,"CALCATOGGIO"
440,20113,"OLMETO"
441,20115,"PIANA"
442,20117,"CAURO"
443,20118,"VICO"
444,20118,"COGGIA"
445,20122,"QUENZA"
446,20128,"GROSSETO-PRUGNA"
447,20128,"ALBITRECCIA"
448,20129,"BASTELICACCIA"
449,20131,"PIANOTTOLI-CALDARELLO"
450,20134,"PALNECA"
451,20137,"PORTO-VECCHIO"
452,20137,"LECCI"
453,20138,"COTI-CHIAVARI"
454,20140,"ARGIUSTA-MORICCIO"
455,20140,"SERRA-DI-FERRO"
456,20140,"CASALABRIVA"
457,20144,"ZONZA"
458,20145,"SARI-SOLENZARA"
459,20146,"SOTTA"
460,20150,"OTA"
461,20157,"FRASSETO"
462,20160,"VICO"
463,20160,"COGGIA"
464,20163,"TAVERA"
465,20166,"PIETROSELLA"
466,20166,"GROSSETO-PRUGNA"
467,20166,"ALBITRECCIA"
468,20167,"SARROLA-CARCOPINO"
469,20167,"APPIETTO"
470,20167,"CUTTOLI-CORTICCHIATO"
471,20169,"BONIFACIO"
472,20190,"SANTA-MARIA-SICHE"
473,20220,"AREGNO"
474,20220,"L'ILE ROUSSE"
475,20221,"CERVIONE"
476,20232,"OLETTA"
477,21000,"DIJON"
478,22000,"SAINT-BRIEUC"
479,22100,"DINAN"
480,22100,"TADEN"
481,22100,"LANVALLAY"
482,22120,"HILLION"
483,22130,"PLANCOET"
484,22170,"CHATELAUDREN-PLOUAGAT"
485,22190,"PLERIN"
486,22200,"GUINGAMP"
487,22220,"TREGUIER"
488,22240,"FREHEL"
489,22250,"BROONS"
490,22300,"LANNION"
491,22310,"PLESTIN-LES-GREVES"
492,22350,"CAULNES"
493,22360,"LANGUEUX"
494,22370,"PLENEUF-VAL-ANDRE"
495,22380,"SAINT-CAST-LE-GUILDO"
496,22400,"LAMBALLE-ARMOR"
497,22400,"NOYAL"
498,22410,"SAINT-QUAY-PORTRIEUX"
499,22430,"ERQUY"
500,22440,"PLOUFRAGAN"
501,22500,"PAIMPOL"
502,22550,"MATIGNON"
503,22560,"TREBEURDEN"
504,22580,"PLOUHA"
505,22600,"LOUDEAC"
506,22650,"BEAUSSAIS-SUR-MER"
507,22660,"TREVOU-TREGUIGNEC"
508,22680,"BINIC-ETABLES-SUR-MER"
509,22700,"PERROS-GUIREC"
510,22770,"LANCIEUX"
511,22950,"TREGUEUX"
512,22970,"PLOUMAGOAR"
513,23000,"GUERET"
514,23300,"LA SOUTERRAINE"
515,24000,"PERIGUEUX"
516,24100,"BERGERAC"
517,24120,"TERRASSON LAVILLEDIEU"
518,24200,"SARLAT-LA-CANEDA"
519,24230,"LAMOTHE-MONTRAVEL"
520,24250,"CASTELNAUD-LA-CHAPELLE"
521,24510,"VAL DE LOUYRE ET CAUDEAU"
522,24580,"ROUFFIGNAC-ST-CERNIN-DE-REILHA"
523,24660,"COULOUNIEIX-CHAMIERS"
524,24750,"TRELISSAC"
525,24750,"BOULAZAC ISLE MANOIRE"
526,25000,"BESANCON"
527,25110,"BAUME LES DAMES"
528,25130,"VILLERS LE LAC"
529,25140,"CHARQUEMONT"
530,25200,"MONTBELIARD"
531,25220,"ROCHE LEZ BEAUPRE"
532,25230,"SELONCOURT"
533,25240,"MOUTHE"
534,25290,"ORNANS"
535,25300,"PONTARLIER"
536,25300,"GRANGES NARBOZ"
537,25300,"DOUBS"
538,25300,"LA CLUSE ET MIJOUX"
539,25300,"LES FOURGS"
540,25310,"HERIMONCOURT"
541,25320,"BOUSSIERES"
542,25370,"JOUGNE"
543,25370,"LES HOPITAUX NEUFS"
544,25370,"ROCHEJEAN"
545,25370,"METABIEF"
546,25400,"AUDINCOURT"
547,25410,"SAINT VIT"
548,25480,"MISEREY SALINES"
549,25500,"MORTEAU"
550,25500,"MONTLEBON"
551,25580,"ETALANS"
552,25620,"MAMIROLLE"
553,25800,"VALDAHON"
554,25870,"GENEUILLE"
555,25870,"BONNAY"
556,25870,"LES AUXONS"
557,25960,"DELUZ"
558,26000,"VALENCE"
559,26100,"ROMANS-SUR-ISERE"
560,26110,"MIRABEL-AUX-BARONNIES"
561,26110,"NYONS"
562,26120,"CHABEUIL"
563,26120,"MONTELIER"
564,26130,"SAINT-PAUL-TROIS-CHATEAUX"
565,26130,"MONTSEGUR-SUR-LAUZON"
566,26140,"SAINT-RAMBERT-D ALBON"
567,26200,"MONTELIMAR"
568,26200,"ANCONE"
569,26210,"MORAS-EN-VALLOIRE"
570,26220,"DIEULEFIT"
571,26240,"SAINT VALLIER"
572,26240,"PONSAS"
573,26250,"LIVRON SUR DROME"
574,26260,"SAINT-DONAT-SUR-L HERBASSE"
575,26270,"LORIOL SUR DROME"
576,26290,"DONZERE"
577,26300,"BOURG-DE-PEAGE"
578,26400,"CREST"
579,26420,"SAINT-AGNAN-EN-VERCORS"
580,26500,"BOURG LES VALENCE"
581,26540,"MOURS-SAINT-EUSEBE"
582,26600,"LA ROCHE DE GLUN"
583,26600,"PONT DE L ISERE"
584,26600,"MERCUROL-VEAUNES"
585,26600,"TAIN L HERMITAGE"
586,26700,"PIERRELATTE"
587,26740,"MONTBOUCHER-SUR-JABRON"
588,26740,"SAUZET"
589,26760,"BEAUMONT LES VALENCE"
590,26770,"SAINT-PANTALEON-LES-VIGNES"
591,26790,"TULETTE"
592,26800,"BEAUVALLON"
593,26800,"PORTES LES VALENCE"
594,27000,"EVREUX"
595,27120,"PACY-SUR-EURE"
596,27130,"VERNEUIL D'AVRE ET D'ITON"
597,27140,"GISORS"
598,27170,"BEAUMONT LE ROGER"
599,27190,"CONCHES EN OUCHE"
600,27200,"VERNON"
601,27250,"RUGLES"
602,27270,"LA TRINITE DE REVILLE"
603,27300,"BERNAY"
604,27530,"EZY SUR EURE"
605,27600,"GAILLON"
606,27700,"LES ANDELYS"
607,27730,"BUEIL"
608,27930,"GRAVIGNY"
609,27950,"ST MARCEL"
610,28000,"CHARTRES"
611,28100,"DREUX"
612,28110,"LUCE"
613,28130,"HANCHES"
614,28130,"MAINTENON"
615,28130,"CHARTAINVILLIERS"
616,28170,"CHATEAUNEUF EN THYMERAIS"
617,28190,"COURVILLE SUR EURE"
618,28200,"CHATEAUDUN"
619,28200,"ST DENIS-LANNERAY"
620,28210,"LORMAYE"
621,28210,"NOGENT-LE-ROI"
622,28210,"CHAUDON"
623,28210,"COULOMBS"
624,28230,"EPERNON"
625,28260,"ANET"
626,28300,"MAINVILLIERS"
627,28300,"LEVES"
628,28300,"GASVILLE OISEME"
629,28300,"ST PREST"
630,28300,"JOUY"
631,28310,"TOURY"
632,28320,"GALLARDON"
633,28320,"GAS"
634,28350,"ST LUBIN DES JONCHERETS"
635,28380,"ST REMY SUR AVRE"
636,28400,"NOGENT LE ROTROU"
637,28500,"VERNOUILLET"
638,28600,"LUISANT"
639,28630,"LE COUDRAY"
640,28700,"AUNEAU-BLEURY-SAINT-SYMPHORIEN"
641,29000,"QUIMPER"
642,29100,"DOUARNENEZ"
643,29160,"CROZON"
644,29200,"BREST"
645,29290,"SAINT RENAN"
646,29300,"QUIMPERLE"
647,29360,"CLOHARS CARNOET"
648,29400,"LANDIVISIAU"
649,29460,"DIRINON"
650,29470,"PLOUGASTEL-DAOULAS"
651,29550,"SAINT-NIC"
652,29570,"CAMARET-SUR-MER"
653,29600,"MORLAIX"
654,29600,"SAINT-MARTIN-DES-CHAMPS"
655,29630,"PLOUGASNOU"
656,29660,"CARANTEC"
657,29680,"ROSCOFF"
658,29800,"LANDERNEAU"
659,29900,"CONCARNEAU"
660,29930,"PONT-AVEN"
661,30000,"NIMES"
662,30100,"ALES"
663,30110,"LA GRAND COMBE"
664,30120,"LE VIGAN"
665,30127,"BELLEGARDE"
666,30128,"GARONS"
667,30130,"PONT ST ESPRIT"
668,30130,"SAINT-PAULET-DE-CAISSON"
669,30132,"CAISSARGUES"
670,30133,"LES ANGLES"
671,30140,"ANDUZE"
672,30150,"ROQUEMAURE"
673,30160,"BESSEGES"
674,30170,"DURFORT-ET-SAINT-MARTIN-DE-"
675,30170,"ST HIPPOLYTE DU FORT"
676,30190,"GARRIGUES SAINTE EULALIE"
677,30190,"LA CALMETTE"
678,30190,"SAINT-GENIES-DE-MALGOIRES"
679,30200,"SAINT-NAZAIRE"
680,30200,"BAGNOLS SUR CEZE"
681,30210,"REMOULINS"
682,30210,"CASTILLON-DU-GARD"
683,30210,"SAINT-HILAIRE-D OZILHAN"
684,30210,"SERNHAC"
685,30220,"AIGUES-MORTES"
686,30220,"SAINT-LAURENT-D AIGOUZE"
687,30230,"BOUILLARGUES"
688,30230,"RODILHAN"
689,30240,"LE GRAU DU ROI"
690,30250,"SOMMIERES"
691,30260,"SARDAN"
692,30260,"QUISSAC"
693,30290,"LAUDUN-L ARDOISE"
694,30300,"BEAUCAIRE"
695,30320,"MARGUERITTES"
696,30320,"POULX"
697,30400,"VILLENEUVE LES AVIGNON"
698,30410,"MOLIERES-SUR-CEZE"
699,30420,"CALVISSON"
700,30440,"SUMENE"
701,30460,"LASALLE"
702,30470,"AIMARGUES"
703,30490,"MONTFRIN"
704,30510,"GENERAC"
705,30530,"PORTES"
706,30540,"MILHAUD"
707,30600,"VAUVERT"
708,30610,"SAUVE"
709,30620,"BERNIS"
710,30620,"AUBORD"
711,30650,"ROCHEFORT-DU-GARD"
712,30650,"SAZE"
713,30660,"GALLARGUES-LE-MONTUEUX"
714,30670,"AIGUES-VIVES"
715,30700,"UZES"
716,30700,"MONTAREN-ET-SAINT-MEDIERS"
717,30770,"ARRIGAS"
718,30800,"ST GILLES"
719,30820,"CAVEIRAC"
720,30840,"MEYNES"
721,30870,"CLARENSAC"
722,30900,"NIMES"
723,30920,"CODOGNAN"
724,30940,"SAINT ANDRE DE VALBORGNE"
725,30960,"SAINT-FLORENT-SUR-AUZONNET"
726,30980,"SAINT-DIONISY"
727,31000,"TOULOUSE"
728,31100,"TOULOUSE"
729,31120,"LACROIX FALGARDE"
730,31130,"BALMA"
731,31130,"FLOURENS"
732,31140,"FONBEAUZARD"
733,31140,"AUCAMVILLE"
734,31140,"LAUNAGUET"
735,31150,"FENOUILLET"
736,31150,"GAGNAC SUR GARONNE"
737,31170,"TOURNEFEUILLE"
738,31180,"ROUFFIAC TOLOSAN"
739,31200,"TOULOUSE"
740,31240,"L UNION"
741,31240,"ST JEAN"
742,31250,"REVEL"
743,31270,"CUGNAUX"
744,31270,"FROUZINS"
745,31280,"DREMIL LAFAGE"
746,31290,"VILLEFRANCHE-DE-LAURAGAIS"
747,31300,"TOULOUSE"
748,31320,"CASTANET TOLOSAN"
749,31320,"AUZEVILLE-TOLOSANE"
750,31330,"GRENADE SUR GARONNE"
751,31340,"VILLEMUR SUR TARN"
752,31380,"MONTASTRUC LA CONSEILLERE"
753,31400,"TOULOUSE"
754,31450,"POMPERTUZAT"
755,31450,"BAZIEGE"
756,31500,"TOULOUSE"
757,31520,"RAMONVILLE ST AGNE"
758,31560,"NAILLOUX"
759,31570,"LANTA"
760,31620,"FRONTON"
761,31650,"ST ORENS DE GAMEVILLE"
762,31660,"BESSIERES"
763,31670,"LABEGE"
764,31700,"BLAGNAC"
765,31700,"MONDONVILLE"
766,31700,"BEAUZELLE"
767,31750,"ESCALQUENS"
768,31770,"COLOMIERS"
769,31780,"CASTELGINEST"
770,31840,"AUSSONNE"
771,31880,"LA SALVETAT ST GILLES"
772,32000,"AUCH"
773,32100,"CONDOM"
774,32150,"CAZAUBON"
775,32200,"GIMONT"
776,32600,"L ISLE JOURDAIN"
777,33000,"BORDEAUX"
778,33100,"BORDEAUX"
779,33110,"LE BOUSCAT"
780,33112,"SAINT LAURENT MEDOC"
781,33114,"LE BARP"
782,33115,"LA TESTE-DE-BUCH"
783,33120,"ARCACHON"
784,33121,"CARCANS"
785,33123,"LE VERDON SUR MER"
786,33127,"SAINT JEAN D ILLAC"
787,33127,"MARTIGNAS SUR JALLE"
788,33130,"BEGLES"
789,33138,"LANTON"
790,33140,"VILLENAVE D ORNON"
791,33140,"CADAUJAC"
792,33150,"CENON"
793,33160,"SAINT AUBIN DE MEDOC"
794,33160,"SAINT MEDARD EN JALLES"
795,33170,"GRADIGNAN"
796,33180,"VERTHEUIL"
797,33185,"LE HAILLAN"
798,33190,"LA REOLE"
799,33200,"BORDEAUX"
800,33210,"TOULENNE"
801,33210,"LANGON"
802,33210,"PREIGNAC"
803,33220,"PORT-SAINTE-FOY-ET-PONCHAPT"
804,33220,"PINEUILH"
805,33220,"SAINTE-FOY-LA-GRANDE"
806,33230,"COUTRAS"
807,33240,"SAINT GERVAIS"
808,33240,"SAINT-ANDRE-DE-CUBZAC"
809,33260,"LA TESTE-DE-BUCH"
810,33270,"FLOIRAC"
811,33290,"PAREMPUYRE"
812,33290,"LUDON MEDOC"
813,33290,"BLANQUEFORT"
814,33300,"BORDEAUX"
815,33310,"LORMONT"
816,33320,"EYSINES"
817,33320,"LE TAILLAN MEDOC"
818,33340,"LESPARRE-MEDOC"
819,33350,"CASTILLON-LA-BATAILLE"
820,33360,"LATRESNE"
821,33360,"CARIGNAN-DE-BORDEAUX"
822,33370,"ARTIGUES-PRES-BORDEAUX"
823,33370,"TRESSES"
824,33370,"FARGUES SAINT HILAIRE"
825,33370,"YVRAC"
826,33380,"BIGANOS"
827,33380,"MIOS"
828,33380,"MARCHEPRIME"
829,33390,"BLAYE"
830,33400,"TALENCE"
831,33410,"CADILLAC"
832,33420,"GENISSAC"
833,33430,"BAZAS"
834,33440,"ST LOUIS DE MONTFERRAND"
835,33440,"AMBARES-ET-LAGRAVE"
836,33450,"ST SULPICE ET CAMEYRAC"
837,33450,"MONTUSSAN"
838,33450,"SAINT LOUBES"
839,33460,"MARGAUX CANTENAC"
840,33470,"GUJAN MESTRAS"
841,33470,"LE TEICH"
842,33480,"MOULIS-EN-MEDOC"
843,33480,"CASTELNAU-DE-MEDOC"
844,33490,"SAINT-MACAIRE"
845,33500,"LIBOURNE"
846,33510,"ANDERNOS-LES-BAINS"
847,33520,"BRUGES"
848,33530,"BASSENS"
849,33540,"SAUVETERRE-DE-GUYENNE"
850,33550,"PAILLET"
851,33550,"HAUX"
852,33550,"LANGOIRAN"
853,33550,"LE TOURNE"
854,33550,"LESTIAC-SUR-GARONNE"
855,33560,"CARBON BLANC"
856,33560,"SAINTE EULALIE"
857,33590,"SAINT-VIVIEN-DE-MEDOC"
858,33600,"PESSAC"
859,33610,"CANEJAN"
860,33610,"CESTAS"
861,33640,"CASTRES GIRONDE"
862,33650,"LA BREDE"
863,33660,"ST-SEURIN-SUR-L ISLE"
864,33670,"CREON"
865,33680,"LACANAU"
866,33690,"GRIGNOLS"
867,33700,"MERIGNAC"
868,33720,"BARSAC"
869,33740,"ARES"
870,33750,"SAINT-QUENTIN-DE-BARON"
871,33770,"SALLES"
872,33780,"SOULAC-SUR-MER"
873,33800,"BORDEAUX"
874,33820,"SAINT-CIERS-SUR-GIRONDE"
875,33850,"LEOGNAN"
876,33870,"VAYRES"
877,33880,"ST CAPRAIS DE BORDEAUX"
878,33920,"SAINT-YZAN-DE-SOUDIAC"
879,33920,"SAINT-SAVIN"
880,33950,"LEGE-CAP-FERRET"
881,33970,"LEGE-CAP-FERRET"
882,33980,"AUDENGE"
883,33990,"HOURTIN"
884,34000,"MONTPELLIER"
885,34070,"MONTPELLIER"
886,34080,"MONTPELLIER"
887,34090,"MONTPELLIER"
888,34110,"FRONTIGNAN"
889,34110,"VIC-LA-GARDIOLE"
890,34120,"PEZENAS"
891,34130,"MAUGUIO"
892,34130,"SAINT-AUNES"
893,34140,"BOUZIGUES"
894,34140,"MEZE"
895,34140,"LOUPIAN"
896,34150,"GIGNAC"
897,34150,"MONTPEYROUX"
898,34160,"SUSSARGUES"
899,34160,"CASTRIES"
900,34160,"BEAULIEU"
901,34160,"SAINT-DREZERY"
902,34170,"CASTELNAU LE LEZ"
903,34190,"GANGES"
904,34190,"LAROQUE"
905,34190,"CAZILHAC"
906,34200,"SETE"
907,34210,"CESSERAS"
908,34230,"PLAISSAN"
909,34230,"POUZOLS"
910,34240,"LAMALOU-LES-BAINS"
911,34250,"PALAVAS-LES-FLOTS"
912,34280,"LA GRANDE MOTTE"
913,34300,"AGDE"
914,34310,"MONTADY"
915,34340,"MARSEILLAN"
916,34350,"VALRAS-PLAGE"
917,34350,"VENDRES"
918,34380,"MAS-DE-LONDRES"
919,34400,"LUNEL"
920,34400,"SAINT-SERIES"
921,34400,"ENTRE-VIGNES"
922,34410,"SERIGNAN"
923,34420,"PORTIRAGNES"
924,34430,"SAINT-JEAN-DE-VEDAS"
925,34450,"VIAS"
926,34470,"PEROLS"
927,34500,"BEZIERS"
928,34540,"BALARUC LES BAINS"
929,34540,"BALARUC LE VIEUX"
930,34560,"POUSSAN"
931,34560,"MONTBAZIN"
932,34570,"SAINT PAUL ET VALMALLE"
933,34570,"MONTARNAUD"
934,34590,"MARSILLARGUES"
935,34600,"BEDARIEUX"
936,34620,"PUISSERGUIER"
937,34670,"BAILLARGUES"
938,34670,"SAINT-BRES"
939,34700,"LODEVE"
940,34720,"CAUX"
941,34725,"SAINT-FELIX-DE-LODEZ"
942,34725,"SAINT-ANDRE-DE-SANGONIS"
943,34730,"PRADES-LE-LEZ"
944,34740,"VENDARGUES"
945,34750,"VILLENEUVE-LES-MAGUELONE"
946,34760,"BOUJAN-SUR-LIBRON"
947,34770,"GIGEAN"
948,34790,"GRABELS"
949,34800,"CLERMONT L HERAULT"
950,34800,"NEBIAN"
951,34810,"POMEROLS"
952,34820,"ASSAS"
953,34830,"JACOU"
954,34920,"LE CRES"
955,34970,"LATTES"
956,34980,"SAINT-GELY-DU-FESC"
957,34980,"SAINT CLEMENT DE RIVIERE"
958,34990,"JUVIGNAC"
959,35000,"RENNES"
960,35113,"DOMAGNE"
961,35120,"DOL DE BRETAGNE"
962,35130,"LA GUERCHE-DE-BRETAGNE"
963,35131,"CHARTRES-DE-BRETAGNE"
964,35131,"PONT-PEAN"
965,35132,"VEZIN-LE-COQUET"
966,35135,"CHANTEPIE"
967,35136,"ST JACQUES DE LA LANDE"
968,35137,"BEDEE"
969,35150,"JANZE"
970,35160,"BRETEIL"
971,35160,"MONTFORT-SUR-MEU"
972,35170,"BRUZ"
973,35190,"SAINT-DOMINEUC"
974,35200,"RENNES"
975,35220,"CHATEAUBOURG"
976,35230,"BOURGBARRE"
977,35230,"NOYAL-CHATILLON-SUR-SEICHE"
978,35230,"ORGERES"
979,35230,"SAINT-ARMEL"
980,35235,"THORIGNE-FOUILLARD"
981,35240,"RETIERS"
982,35250,"SAINT-AUBIN-D AUBIGNE"
983,35260,"CANCALE"
984,35290,"SAINT-MEEN-LE-GRAND"
985,35310,"CHAVAGNE"
986,35310,"BREAL-SOUS-MONTFORT"
987,35310,"MORDELLES"
988,35320,"POLIGNE"
989,35330,"LA CHAPELLE BOUEXIC"
990,35340,"LIFFRE"
991,35350,"LA GOUESNIERE"
992,35350,"SAINT-MELOIR-DES-ONDES"
993,35360,"MONTAUBAN-DE-BRETAGNE"
994,35400,"SAINT-MALO"
995,35410,"CHATEAUGIRON"
996,35410,"NOUVOITOU"
997,35430,"SAINT-JOUAN-DES-GUERETS"
998,35440,"MONTREUIL-SUR-ILLE"
999,35450,"VAL-D'IZE"
1000,35470,"BAIN-DE-BRETAGNE"
1001,35490,"SENS-DE-BRETAGNE"
1002,35500,"VITRE"
1003,35510,"CESSON-SEVIGNE"
1004,35520,"LA CHAPELLE DES FOUGERETZ"
1005,35520,"MELESSE"
1006,35520,"LA MEZIERE"
1007,35540,"MINIAC-MORVAN"
1008,35540,"LE TRONCHET"
1009,35580,"GOVEN"
1010,35580,"GUICHEN"
1011,35590,"L'HERMITAGE"
1012,35600,"REDON"
1013,35610,"ROZ-SUR-COUESNON"
1014,35630,"HEDE-BAZOUGES"
1015,35650,"LE RHEU"
1016,35690,"ACIGNE"
1017,35700,"RENNES"
1018,35720,"PLEUGUENEUC"
1019,35730,"PLEURTUIT"
1020,35740,"PACE"
1021,35760,"SAINT-GREGOIRE"
1022,35770,"VERN-SUR-SEICHE"
1023,35780,"LA RICHARDAIS"
1024,35800,"DINARD"
1025,35800,"SAINT-LUNAIRE"
1026,35800,"SAINT-BRIAC-SUR-MER"
1027,35830,"BETTON"
1028,35850,"PARTHENAY-DE-BRETAGNE"
1029,35850,"IRODOUER"
1030,35890,"BOURG-DES-COMPTES"
1031,36000,"CHATEAUROUX"
1032,36400,"LA CHATRE"
1033,37000,"TOURS"
1034,37100,"TOURS"
1035,37120,"RICHELIEU"
1036,37140,"BOURGUEIL"
1037,37160,"DESCARTES"
1038,37170,"CHAMBRAY LES TOURS"
1039,37200,"TOURS"
1040,37210,"ROCHECORBON"
1041,37230,"FONDETTES"
1042,37270,"MONTLOUIS-SUR-LOIRE"
1043,37300,"JOUE LES TOURS"
1044,37390,"NOTRE-DAME-D OE"
1045,37390,"LA MEMBROLLE-SUR-CHOISILLE"
1046,37400,"AMBOISE"
1047,37510,"BALLAN MIRE"
1048,37520,"LA RICHE"
1049,37540,"SAINT CYR SUR LOIRE"
1050,37550,"SAINT AVERTIN"
1051,37600,"LOCHES"
1052,37700,"SAINT-PIERRE-DES-CORPS"
1053,38000,"GRENOBLE"
1054,38080,"L'ISLE-D'ABEAU"
1055,38090,"VILLEFONTAINE"
1056,38100,"GRENOBLE"
1057,38110,"SAINT-CLAIR-DE-LA-TOUR"
1058,38112,"AUTRANS-MEAUDRE EN VERCORS"
1059,38114,"VAUJANY"
1060,38120,"SAINT-EGREVE"
1061,38120,"FONTANIL-CORNILLON"
1062,38130,"ECHIROLLES"
1063,38140,"RIVES"
1064,38140,"BEAUCROISSANT"
1065,38140,"IZEAUX"
1066,38142,"BESSE"
1067,38142,"AURIS"
1068,38160,"SAINT-MARCELLIN"
1069,38170,"SEYSSINET-PARISET"
1070,38190,"FROGES"
1071,38190,"VILLARD-BONNOT"
1072,38190,"LES ADRETS"
1073,38210,"TULLINS"
1074,38220,"VIZILLE"
1075,38220,"NOTRE-DAME-DE-MESAGE"
1076,38230,"PONT-DE-CHERUY"
1077,38240,"MEYLAN"
1078,38250,"VILLARD-DE-LANS"
1079,38250,"CORRENCON-EN-VERCORS"
1080,38250,"LANS-EN-VERCORS"
1081,38280,"ANTHON"
1082,38290,"LA VERPILLIERE"
1083,38300,"BOURGOIN-JALLIEU"
1084,38320,"EYBENS"
1085,38320,"POISAT"
1086,38320,"BRIE-ET-ANGONNES"
1087,38330,"MONTBONNOT-SAINT-MARTIN"
1088,38330,"SAINT-NAZAIRE-LES-EYMES"
1089,38330,"BIVIERS"
1090,38330,"SAINT-ISMIER"
1091,38340,"VOREPPE"
1092,38360,"SASSENAGE"
1093,38380,"SAINT-PIERRE-DE-CHARTREUSE"
1094,38400,"SAINT-MARTIN-D'HERES"
1095,38410,"SAINT-MARTIN-D'URIAGE"
1096,38410,"CHAMROUSSE"
1097,38410,"VAULNAVEYS-LE-BAS"
1098,38420,"DOMENE"
1099,38420,"LE VERSOUD"
1100,38430,"SAINT-JEAN-DE-MOIRANS"
1101,38430,"MOIRANS"
1102,38450,"LE GUA"
1103,38470,"VINAY"
1104,38500,"VOIRON"
1105,38500,"LA BUISSE"
1106,38520,"LE BOURG-D'OISANS"
1107,38530,"PONTCHARRA"
1108,38540,"SAINT-JUST-CHALEYSSIN"
1109,38570,"TENCIN"
1110,38570,"GONCELIN"
1111,38570,"LE CHEYLAS"
1112,38580,"ALLEVARD"
1113,38580,"LE HAUT-BREDA"
1114,38590,"SAINT-ETIENNE-DE-SAINT-GEOIRS"
1115,38590,"SAINT-GEOIRS"
1116,38600,"FONTAINE"
1117,38610,"GIERES"
1118,38640,"CLAIX"
1119,38650,"GRESSE-EN-VERCORS"
1120,38660,"LA TERRASSE"
1121,38700,"LA TRONCHE"
1122,38700,"CORENC"
1123,38750,"HUEZ"
1124,38800,"LE PONT-DE-CLAIX"
1125,38830,"CRETS EN BELLEDONNE"
1126,38860,"LES DEUX ALPES"
1127,38880,"AUTRANS-MEAUDRE EN VERCORS"
1128,38920,"CROLLES"
1129,38940,"ROYBON"
1130,38950,"SAINT-MARTIN-LE-VINOUX"
1131,38960,"SAINT-ETIENNE-DE-CROSSEY"
1132,38970,"CORPS"
1133,39000,"LONS LE SAUNIER"
1134,39100,"DOLE"
1135,39100,"SAMPANS"
1136,39110,"SALINS LES BAINS"
1137,39130,"CLAIRVAUX-LES-LACS"
1138,39170,"LAVANS-LES-SAINT-CLAUDE"
1139,39170,"RAVILLOLES"
1140,39200,"SAINT-CLAUDE"
1141,39220,"LES ROUSSES"
1142,39220,"BOIS-D AMONT"
1143,39220,"PREMANON"
1144,39260,"MOIRANS-EN-MONTAGNE"
1145,39290,"OFFLANGES"
1146,39300,"CHAMPAGNOLE"
1147,39310,"SEPTMONCEL LES MOLUNES"
1148,39400,"HAUTS DE BIENNE"
1149,39400,"BELLEFONTAINE"
1150,39500,"TAVAUX"
1151,39570,"PERRIGNY"
1152,39570,"MONTMOROT"
1153,39600,"ARBOIS"
1154,39800,"POLIGNY"
1155,40000,"MONT-DE-MARSAN"
1156,40100,"DAX"
1157,40130,"CAPBRETON"
1158,40140,"SOUSTONS"
1159,40150,"SOORTS-HOSSEGOR"
1160,40150,"ANGRESSE"
1161,40160,"PARENTIS EN BORN"
1162,40170,"ST-JULIEN-EN-BORN"
1163,40170,"LIT ET MIXE"
1164,40170,"BIAS"
1165,40200,"MIMIZAN"
1166,40200,"AUREILHAN"
1167,40220,"TARNOS"
1168,40230,"ST-VINCENT-DE-TYROSSE"
1169,40230,"TOSSE"
1170,40230,"ST-GEOURS-MAREMNE"
1171,40230,"BENESSE-MAREMNE"
1172,40280,"SAINT-PIERRE-DU-MONT"
1173,40300,"PEYREHORADE"
1174,40300,"ORIST"
1175,40370,"RION-DES-LANDES"
1176,40380,"POYANNE"
1177,40390,"ST-MARTIN-DE-SEIGNANX"
1178,40390,"ST-MARTIN-DE-HINX"
1179,40400,"TARTAS"
1180,40440,"ONDRES"
1181,40460,"SANGUINET"
1182,40480,"VIEUX BOUCAU-LES-BAINS"
1183,40500,"MONTGAILLARD"
1184,40500,"SAINT-SEVER"
1185,40510,"SEIGNOSSE"
1186,40530,"LABENNE"
1187,40550,"LEON"
1188,40560,"VIELLE-ST-GIRONS"
1189,40600,"BISCARROSSE"
1190,40660,"MOLIETS-ET-MAA"
1191,40700,"HAGETMAU"
1192,40800,"AIRE-SUR-L'ADOUR"
1193,40990,"ST-PAUL-LES-DAX"
1194,40990,"ST-VINCENT-DE-PAUL"
1195,41000,"BLOIS"
1196,41000,"VILLEBAROU"
1197,41100,"VENDOME"
1198,41200,"ROMORANTIN-LANTHENAY"
1199,41260,"LA CHAUSSEE SAINT VICTOR"
1200,41330,"MAROLLES"
1201,41350,"VINEUIL"
1202,41400,"MONTRICHARD VAL DE CHER"
1203,42000,"SAINT-ETIENNE"
1204,42100,"SAINT-ETIENNE"
1205,42110,"FEURS"
1206,42120,"LE COTEAU"
1207,42120,"PERREUX"
1208,42130,"BOEN-SUR-LIGNON"
1209,42140,"CHAZELLES SUR LYON"
1210,42150,"LA RICAMARIE"
1211,42152,"L HORME"
1212,42153,"RIORGES"
1213,42160,"ANDREZIEUX-BOUTHEON"
1214,42170,"SAINT-JUST-SAINT-RAMBERT"
1215,42190,"CHARLIEU"
1216,42210,"MONTROND-LES-BAINS"
1217,42230,"ROCHE-LA-MOLIERE"
1218,42240,"SAINT-PAUL-EN-CORNILLON"
1219,42240,"UNIEUX"
1220,42270,"SAINT-PRIEST-EN-JAREZ"
1221,42290,"SORBIERS"
1222,42300,"ROANNE"
1223,42300,"VILLEREST"
1224,42300,"MABLY"
1225,42320,"LA GRAND-CROIX"
1226,42320,"FARNAY"
1227,42330,"SAINT-GALMIER"
1228,42340,"VEAUCHE"
1229,42350,"LA TALAUDIERE"
1230,42370,"SAINT-HAON-LE-CHATEL"
1231,42380,"SAINT-BONNET-LE-CHATEAU"
1232,42390,"VILLARS"
1233,42400,"SAINT-CHAMOND"
1234,42410,"PELUSSIN"
1235,42410,"CHAVANAY"
1236,42420,"LORETTE"
1237,42430,"SAINT-JUST-EN-CHEVALET"
1238,42480,"LA FOUILLOUSE"
1239,42490,"FRAISSES"
1240,42500,"LE CHAMBON-FEUGEROLLES"
1241,42510,"BALBIGNY"
1242,42530,"SAINT GENEST LERPT"
1243,42560,"SOLEYMIEUX"
1244,42580,"L ETRAT"
1245,42590,"NEULISE"
1246,42600,"SAVIGNEUX"
1247,42600,"MONTBRISON"
1248,42600,"PRECIEUX"
1249,42610,"SAINT-ROMAIN-LE-PUY"
1250,42650,"SAINT-JEAN-BONNEFONDS"
1251,42680,"SAINT-MARCELLIN-EN-FOREZ"
1252,42700,"FIRMINY"
1253,42720,"BRIENNON"
1254,42740,"SAINT-PAUL-EN-JAREZ"
1255,42800,"GENILAC"
1256,42800,"SAINT-JOSEPH"
1257,42800,"RIVE-DE-GIER"
1258,42920,"CHALMAZEL-JEANSAGNIERE"
1259,43000,"LE PUY EN VELAY"
1260,43000,"ESPALY-SAINT-MARCEL"
1261,43100,"VIEILLE-BRIOUDE"
1262,43100,"BRIOUDE"
1263,43110,"AUREC-SUR-LOIRE"
1264,43140,"SEAUVE-SUR-SEMENE (LA)"
1265,43140,"SAINT-DIDIER-EN-VELAY"
1266,43200,"ARAULES"
1267,43200,"YSSINGEAUX"
1268,43240,"SAINT JUST MALMONT"
1269,43300,"LANGEAC"
1270,43330,"PONT-SALOMON"
1271,43400,"LE CHAMBON SUR LIGNON"
1272,43590,"BEAUZAC"
1273,43600,"SAINTE-SIGOLENE"
1274,43620,"SAINT-PAL-DE-MONS"
1275,43700,"BRIVES-CHARENSAC"
1276,44000,"NANTES"
1277,44100,"NANTES"
1278,44110,"CHATEAUBRIANT"
1279,44115,"BASSE-GOULAINE"
1280,44117,"SAINT-ANDRE-DES-EAUX"
1281,44119,"TREILLIERES"
1282,44119,"GRANDCHAMP-DES-FONTAINES"
1283,44120,"VERTOU"
1284,44130,"BLAIN"
1285,44140,"AIGREFEUILLE SUR MAINE"
1286,44150,"ANCENIS-SAINT-GEREON"
1287,44160,"BESNE"
1288,44160,"SAINTE-REINE-DE-BRETAGNE"
1289,44190,"CLISSON"
1290,44200,"NANTES"
1291,44210,"PORNIC"
1292,44220,"COUERON"
1293,44230,"ST SEBASTIEN SUR LOIRE"
1294,44240,"CHAPELLE-SUR-ERDRE (LA)"
1295,44240,"SUCE-SUR-ERDRE"
1296,44250,"SAINT BREVIN LES PINS"
1297,44260,"SAVENAY"
1298,44270,"MACHECOUL-SAINT-MEME"
1299,44290,"GUEMENE PENFAO"
1300,44300,"NANTES"
1301,44310,"ST-PHILBERT-DE-GRAND-LIEU"
1302,44320,"SAINT-PERE-EN-RETZ"
1303,44330,"CHAPELLE-HEULIN (LA)"
1304,44340,"BOUGUENAIS"
1305,44350,"GUERANDE"
1306,44350,"SAINT MOLF"
1307,44360,"SAINT-ETIENNE-DE-MONTLUC"
1308,44360,"LE TEMPLE DE BRETAGNE"
1309,44360,"VIGNEUX DE BRETAGNE"
1310,44370,"LOIREAUXENCE"
1311,44380,"PORNICHET"
1312,44390,"NORT SUR ERDRE"
1313,44400,"REZE"
1314,44420,"LA TURBALLE"
1315,44420,"MESQUER"
1316,44420,"PIRIAC-SUR-MER"
1317,44430,"LOROUX-BOTTEREAU (LE)"
1318,44440,"RIAILLE"
1319,44450,"SAINT-JULIEN-DE-CONCELLES"
1320,44460,"SAINT-NICOLAS-DE-REDON"
1321,44470,"THOUARE-SUR-LOIRE"
1322,44470,"CARQUEFOU"
1323,44480,"DONGES"
1324,44490,"LE CROISIC"
1325,44500,"LA BAULE-ESCOUBLAC"
1326,44510,"LE POULIGUEN"
1327,44550,"MONTOIR-DE-BRETAGNE"
1328,44550,"SAINT-MALO-DE-GUERSAC"
1329,44560,"PAIMBOEUF"
1330,44570,"TRIGNAC"
1331,44600,"SAINT-NAZAIRE"
1332,44610,"INDRE"
1333,44620,"LA MONTAGNE"
1334,44640,"PELLERIN (LE)"
1335,44680,"SAINTE PAZANNE"
1336,44690,"HAIE-FOUASSIERE (LA)"
1337,44690,"MAISDON-SUR-SEVRE"
1338,44700,"ORVAULT"
1339,44730,"SAINT-MICHEL-CHEF-CHEF"
1340,44740,"BATZ-SUR-MER"
1341,44750,"CAMPBON"
1342,44760,"LA BERNERIE EN RETZ"
1343,44770,"LA PLAINE-SUR-MER"
1344,44770,"PREFAILLES"
1345,44780,"MISSILLAC"
1346,44800,"ST-HERBLAIN"
1347,44830,"BOUAYE"
1348,44840,"SORINIERES (LES)"
1349,44850,"LIGNE"
1350,44850,"MOUZEIL"
1351,44860,"PONT-SAINT-MARTIN"
1352,44880,"SAUTRON"
1353,44980,"SAINTE-LUCE-SUR-LOIRE"
1354,45000,"ORLEANS"
1355,45100,"ORLEANS"
1356,45110,"CHATEAUNEUF S LOIRE"
1357,45120,"CHALETTE-SUR-LOING"
1358,45120,"CEPOY"
1359,45130,"MEUNG-SUR-LOIRE"
1360,45140,"ST JEAN DE LA RUELLE"
1361,45140,"INGRE"
1362,45140,"BOULAY-LES-BARRES"
1363,45150,"JARGEAU"
1364,45160,"OLIVET"
1365,45160,"SAINT-HILAIRE-SAINT-MESMIN"
1366,45160,"ARDON"
1367,45170,"NEUVILLE-AUX-BOIS"
1368,45190,"BEAUGENCY"
1369,45200,"MONTARGIS"
1370,45200,"AMILLY"
1371,45240,"LA FERTE SAINT-AUBIN"
1372,45250,"BRIARE"
1373,45300,"PITHIVIERS"
1374,45310,"PATAY"
1375,45320,"SAINT-HILAIRE-LES-ANDRESIS"
1376,45330,"LE MALESHERBOIS"
1377,45340,"BEAUNE-LA-ROLANDE"
1378,45380,"LA CHAPELLE ST MESMIN"
1379,45390,"PUISEAUX"
1380,45400,"CHANTEAU"
1381,45400,"FLEURY LES AUBRAIS"
1382,45400,"SEMOY"
1383,45430,"CHECY"
1384,45500,"GIEN"
1385,45560,"SAINT-DENIS-EN-VAL"
1386,45600,"SULLY-SUR-LOIRE"
1387,45640,"SANDILLON"
1388,45650,"SAINT-JEAN-LE-BLANC"
1389,45740,"LAILLY EN VAL"
1390,45750,"SAINT-PRYVE-SAINT-MESMIN"
1391,45770,"SARAN"
1392,45800,"ST JEAN DE BRAYE"
1393,46000,"CAHORS"
1394,47000,"AGEN"
1395,47150,"MONFLANQUIN"
1396,47190,"AIGUILLON"
1397,47200,"MARMANDE"
1398,47210,"VILLEREAL"
1399,47240,"LAFOX"
1400,47290,"CASTELNAUD DE GRATECAMBE"
1401,47300,"VILLENEUVE SUR LOT"
1402,47390,"LAYRAC"
1403,47400,"TONNEINS"
1404,47450,"COLAYRAC ST CIRQ"
1405,47500,"FUMEL"
1406,47520,"LE PASSAGE"
1407,47550,"BOE"
1408,47600,"NERAC"
1409,47700,"CASTELJALOUX"
1410,48000,"MENDE"
1411,48100,"MARVEJOLS"
1412,48130,"PEYRE EN AUBRAC"
1413,48150,"MEYRUEIS"
1414,48190,"MONT LOZERE ET GOULET"
1415,48300,"LANGOGNE"
1416,48800,"VILLEFORT"
1417,49000,"ANGERS"
1418,49080,"BOUCHEMAINE"
1419,49100,"ANGERS"
1420,49112,"VERRIERES-EN-ANJOU"
1421,49120,"CHEMILLE-EN-ANJOU"
1422,49124,"SAINT-BARTHELEMY-D ANJOU"
1423,49125,"TIERCE"
1424,49125,"CHEFFES"
1425,49130,"LES PONTS DE CE"
1426,49130,"STE GEMMES SUR LOIRE"
1427,49140,"RIVES-DU-LOIR-EN-ANJOU"
1428,49170,"SAINT-GEORGES-SUR-LOIRE"
1429,49240,"AVRILLE"
1430,49280,"LA TESSOUALLE"
1431,49300,"CHOLET"
1432,49320,"BRISSAC LOIRE AUBANCE"
1433,49340,"TREMENTINES"
1434,49400,"SAUMUR"
1435,49450,"BEAUPREAU-EN-MAUGES"
1436,49460,"MONTREUIL-JUIGNE"
1437,49480,"VERRIERES-EN-ANJOU"
1438,49500,"SEGRE-EN-ANJOU BLEU"
1439,49590,"FONTEVRAUD L ABBAYE"
1440,49600,"BEAUPREAU-EN-MAUGES"
1441,49610,"MURS-ERIGNE"
1442,49630,"MAZE-MILON"
1443,49800,"TRELAZE"
1444,50000,"SAINT-LO"
1445,50100,"CHERBOURG-EN-COTENTIN"
1446,50110,"CHERBOURG-EN-COTENTIN"
1447,50120,"CHERBOURG-EN-COTENTIN"
1448,50130,"CHERBOURG-EN-COTENTIN"
1449,50170,"PONTORSON"
1450,50180,"AGNEAUX"
1451,50190,"PERIERS"
1452,50200,"COUTANCES"
1453,50230,"AGON-COUTAINVILLE"
1454,50250,"LA HAYE"
1455,50270,"BARNEVILLE-CARTERET"
1456,50270,"BAUBIGNY"
1457,50300,"AVRANCHES"
1458,50350,"DONVILLE-LES-BAINS"
1459,50370,"BRECEY"
1460,50400,"GRANVILLE"
1461,50430,"SAINT-GERMAIN-SUR-AY"
1462,50430,"LESSAY"
1463,50450,"GAVRAY-SUR-SIENNE"
1464,50470,"CHERBOURG-EN-COTENTIN"
1465,50500,"CARENTAN LES MARAIS"
1466,50550,"SAINT-VAAST-LA-HOUGUE"
1467,50560,"GOUVILLE-SUR-MER"
1468,50580,"PORT-BAIL-SUR-MER"
1469,50600,"GRANDPARIGNY"
1470,50600,"SAINT-HILAIRE-DU-HARCOUET"
1471,50610,"JULLOUVILLE"
1472,50680,"MOON-SUR-ELLE"
1473,50700,"VALOGNES"
1474,50770,"PIROU"
1475,51000,"CHALONS EN CHAMPAGNE"
1476,51100,"REIMS"
1477,51160,"AY-CHAMPAGNE"
1478,51160,"AVENAY-VAL-D'OR"
1479,51170,"FISMES"
1480,51190,"AVIZE"
1481,51200,"EPERNAY"
1482,51300,"BLACY"
1483,51300,"VITRY LE FRANCOIS"
1484,51300,"FRIGNICOURT"
1485,51350,"CORMONTREUIL"
1486,51370,"SAINT BRICE COURCELLES"
1487,51420,"WITRY-LES-REIMS"
1488,51430,"TINQUEUX"
1489,51430,"BEZANNES"
1490,51450,"BETHENY"
1491,51470,"SAINT-MEMMIE"
1492,51500,"CHIGNY-LES-ROSES"
1493,51500,"SILLERY"
1494,51530,"VINAY"
1495,51530,"CRAMANT"
1496,51530,"DIZY"
1497,51530,"MAGENTA"
1498,51700,"DORMANS"
1499,51700,"MAREUIL-LE-PORT"
1500,51800,"SAINTE MENEHOULD"
1501,52000,"CHAUMONT"
1502,52200,"LANGRES"
1503,52800,"NOGENT"
1504,53000,"LAVAL"
1505,53100,"MAYENNE"
1506,53200,"CHATEAU-GONTIER-SUR-MAYENNE"
1507,53300,"ST FRAIMBAULT DE PRIERES"
1508,53800,"CONGRIER"
1509,53810,"CHANGE"
1510,54000,"NANCY"
1511,54110,"VARANGEVILLE"
1512,54119,"DOMGERMAIN"
1513,54122,"VATHIMENIL"
1514,54130,"SAINT MAX"
1515,54136,"BOUXIERES-AUX-DAMES"
1516,54140,"JARVILLE LA MALGRANGE"
1517,54150,"VAL DE BRIEY"
1518,54180,"HEILLECOURT"
1519,54190,"VILLERUPT"
1520,54200,"PIERRE-LA-TREICHE"
1521,54200,"ECROUVES"
1522,54200,"TOUL"
1523,54200,"DOMMARTIN-LES-TOUL"
1524,54200,"VILLEY-SAINT-ETIENNE"
1525,54210,"SAINT-NICOLAS-DE-PORT"
1526,54220,"MALZEVILLE"
1527,54240,"JOEUF"
1528,54250,"CHAMPIGNEULLES"
1529,54260,"LONGUYON"
1530,54270,"ESSEY LES NANCY"
1531,54300,"LUNEVILLE"
1532,54310,"HOMECOURT"
1533,54320,"MAXEVILLE"
1534,54350,"MONT SAINT MARTIN"
1535,54360,"DAMELEVIERES"
1536,54360,"MONT-SUR-MEURTHE"
1537,54360,"BLAINVILLE-SUR-L EAU"
1538,54390,"FROUARD"
1539,54400,"LONGWY"
1540,54400,"COSNES-ET-ROMAIN"
1541,54410,"LANEUVEVILLE-DEVANT-NANCY"
1542,54425,"PULNOY"
1543,54430,"REHON"
1544,54440,"HERSERANGE"
1545,54470,"THIAUCOURT-REGNIEVILLE"
1546,54500,"VANDOEUVRE LES NANCY"
1547,54510,"TOMBLAINE"
1548,54520,"LAXOU"
1549,54550,"PONT-SAINT-VINCENT"
1550,54570,"FOUG"
1551,54580,"AUBOUE"
1552,54590,"HUSSIGNY GODBRANGE"
1553,54600,"VILLERS LES NANCY"
1554,54630,"RICHARDMENIL"
1555,54640,"TUCQUEGNIEUX"
1556,54650,"SAULNES"
1557,54670,"CUSTINES"
1558,54700,"PONT A MOUSSON"
1559,54730,"GORCY"
1560,54740,"HAROUE"
1561,54750,"TRIEUX"
1562,54800,"JARNY"
1563,54800,"HATRIZE"
1564,54810,"LONGLAVILLE"
1565,54850,"MEREVILLE"
1566,54860,"HAUCOURT-MOULAINE"
1567,54870,"CONS-LA-GRANDVILLE"
1568,54880,"THIL"
1569,54910,"VALLEROY"
1570,55100,"VERDUN"
1571,55430,"BELLEVILLE SUR MEUSE"
1572,56000,"VANNES"
1573,56100,"LORIENT"
1574,56140,"MALESTROIT"
1575,56150,"BAUD"
1576,56160,"LIGNOL"
1577,56170,"QUIBERON"
1578,56260,"LARMOR-PLAGE"
1579,56270,"PLOEMEUR"
1580,56290,"PORT-LOUIS"
1581,56300,"PONTIVY"
1582,56330,"PLUVIGNER"
1583,56340,"CARNAC"
1584,56340,"PLOUHARNEL"
1585,56360,"LOCMARIA"
1586,56360,"LE PALAIS"
1587,56360,"SAUZON"
1588,56400,"BRECH"
1589,56400,"PLOEMEL"
1590,56400,"AURAY"
1591,56400,"LE BONO"
1592,56400,"SAINTE-ANNE-D'AURAY"
1593,56400,"PLUNERET"
1594,56410,"ERDEVEN"
1595,56410,"ETEL"
1596,56440,"LANGUIDIC"
1597,56470,"LA TRINITE SUR MER"
1598,56470,"SAINT-PHILIBERT"
1599,56510,"SAINT-PIERRE-QUIBERON"
1600,56520,"GUIDEL"
1601,56530,"GESTEL"
1602,56550,"BELZ"
1603,56570,"LOCMIQUELIC"
1604,56600,"LANESTER"
1605,56610,"ARRADON"
1606,56620,"CLEGUER"
1607,56640,"ARZON"
1608,56650,"INZINZAC-LOCHRIST"
1609,56670,"RIANTEC"
1610,56680,"PLOUHINEC"
1611,56680,"GAVRES"
1612,56700,"HENNEBONT"
1613,56700,"KERVIGNAC"
1614,56800,"PLOERMEL"
1615,56880,"PLOEREN"
1616,56890,"SAINT-AVE"
1617,58000,"NEVERS"
1618,58000,"SAINT ELOI"
1619,58160,"IMPHY"
1620,58300,"DECIZE"
1621,58600,"FOURCHAMBAULT"
1622,58640,"VARENNES-VAUZELLES"
1623,58660,"COULANGES LES NEVERS"
1624,59000,"LILLE"
1625,59100,"ROUBAIX"
1626,59110,"LA MADELEINE"
1627,59113,"SECLIN"
1628,59118,"WAMBRECHIES"
1629,59120,"LOOS"
1630,59125,"TRITH-ST-LEGER"
1631,59126,"LINSELLES"
1632,59130,"LAMBERSART"
1633,59133,"PHALEMPIN"
1634,59134,"FOURNES-EN-WEPPES"
1635,59136,"WAVRIN"
1636,59139,"WATTIGNIES"
1637,59146,"PECQUENCOURT"
1638,59150,"WATTRELOS"
1639,59155,"FACHES THUMESNIL"
1640,59160,"LILLE"
1641,59170,"CROIX"
1642,59178,"HASNON"
1643,59190,"HAZEBROUCK"
1644,59200,"TOURCOING"
1645,59220,"DENAIN"
1646,59223,"RONCQ"
1647,59230,"SAINT-AMAND-LES-EAUX"
1648,59235,"BERSEE"
1649,59242,"TEMPLEUVE EN PEVELE"
1650,59250,"HALLUIN"
1651,59251,"ALLENNES-LES-MARAIS"
1652,59260,"LILLE"
1653,59270,"BAILLEUL"
1654,59280,"ARMENTIERES"
1655,59290,"WASQUEHAL"
1656,59300,"VALENCIENNES"
1657,59310,"FAUMONT"
1658,59320,"ENNETIERES-EN-WEPPES"
1659,59320,"SEQUEDIN"
1660,59320,"HAUBOURDIN"
1661,59320,"HALLENNES-LEZ-HAUBOURDIN"
1662,59350,"SAINT-ANDRE"
1663,59370,"MONS EN BAROEUL"
1664,59390,"LYS LEZ LANNOY"
1665,59390,"LANNOY"
1666,59400,"CAMBRAI"
1667,59410,"ANZIN"
1668,59420,"MOUVAUX"
1669,59450,"SIN LE NOBLE"
1670,59490,"SOMAIN"
1671,59491,"VILLENEUVE-D'ASCQ"
1672,59493,"VILLENEUVE-D'ASCQ"
1673,59500,"DOUAI"
1674,59510,"HEM"
1675,59520,"MARQUETTE-LEZ-LILLE"
1676,59540,"CAUDRY"
1677,59552,"LAMBRES LEZ DOUAI"
1678,59590,"RAISMES"
1679,59600,"MAUBEUGE"
1680,59650,"VILLENEUVE-D'ASCQ"
1681,59700,"MARCQ EN BAROEUL"
1682,59710,"AVELIN"
1683,59710,"PONT-A-MARCQ"
1684,59760,"GRANDE-SYNTHE"
1685,59770,"MARLY"
1686,59777,"LILLE"
1687,59780,"WILLEMS"
1688,59790,"RONCHIN"
1689,59800,"LILLE"
1690,59810,"LESQUIN"
1691,59830,"CYSOING"
1692,59840,"PERENCHIES"
1693,59890,"DEULEMONT"
1694,59890,"QUESNOY SUR DEULE"
1695,59910,"BONDUES"
1696,59960,"NEUVILLE EN FERRAIN"
1697,60000,"BEAUVAIS"
1698,60000,"GOINCOURT"
1699,60100,"CREIL"
1700,60110,"MERU"
1701,60128,"MORTEFONTAINE"
1702,60128,"PLAILLY"
1703,60140,"LIANCOURT"
1704,60150,"THOUROTTE"
1705,60160,"MONTATAIRE"
1706,60160,"THIVERNY"
1707,60170,"RIBECOURT DRESLINCOURT"
1708,60170,"CAMBRONNE LES RIBECOURT"
1709,60180,"NOGENT SUR OISE"
1710,60190,"LACHELLE"
1711,60200,"COMPIEGNE"
1712,60230,"CHAMBLY"
1713,60240,"CHAUMONT-EN-VEXIN"
1714,60240,"LOCONVILLE"
1715,60250,"MOUY"
1716,60260,"LAMORLAYE"
1717,60260,"GOUVIEUX"
1718,60270,"GOUVIEUX"
1719,60280,"MARGNY LES COMPIEGNE"
1720,60280,"CLAIROIX"
1721,60280,"VENETTE"
1722,60290,"RANTIGNY"
1723,60290,"LAIGNEVILLE"
1724,60300,"SENLIS"
1725,60300,"AVILLY ST LEONARD"
1726,60320,"BETHISY ST MARTIN"
1727,60320,"BETHISY ST PIERRE"
1728,60330,"LE PLESSIS BELLEVILLE"
1729,60340,"ST LEU D ESSERENT"
1730,60350,"ATTICHY"
1731,60360,"CREVECOEUR LE GRAND"
1732,60400,"NOYON"
1733,60410,"SAINTINES"
1734,60410,"VERBERIE"
1735,60430,"NOAILLES"
1736,60440,"NANTEUIL LE HAUDOUIN"
1737,60440,"PEROY LES GOMBRIES"
1738,60460,"PRECY SUR OISE"
1739,60500,"CHANTILLY"
1740,60500,"VINEUIL ST FIRMIN"
1741,60500,"GOUVIEUX"
1742,60510,"LA RUE ST PIERRE"
1743,60520,"LA CHAPELLE EN SERVAL"
1744,60530,"DIEUDONNE"
1745,60530,"NEUILLY EN THELLE"
1746,60530,"LE MESNIL EN THELLE"
1747,60540,"BORNEL"
1748,60550,"VERNEUIL EN HALATTE"
1749,60560,"ORRY LA VILLE"
1750,60570,"LABOISSIERE EN THELLE"
1751,60570,"ANDEVILLE"
1752,60580,"COYE LA FORET"
1753,60590,"TRIE CHATEAU"
1754,60600,"CLERMONT"
1755,60600,"FITZ JAMES"
1756,60610,"LACROIX ST OUEN"
1757,60660,"ST VAAST LES MELLO"
1758,60660,"CIRES LES MELLO"
1759,60660,"CRAMOISY"
1760,60700,"PONT STE MAXENCE"
1761,60700,"FLEURINES"
1762,60730,"STE GENEVIEVE"
1763,60740,"ST MAXIMIN"
1764,60790,"VALDAMPIERRE"
1765,60800,"CREPY EN VALOIS"
1766,60800,"LEVIGNEN"
1767,60820,"BORAN SUR OISE"
1768,60870,"VILLERS ST PAUL"
1769,60880,"JAUX"
1770,60880,"LE MEUX"
1771,60950,"VER SUR LAUNETTE"
1772,61000,"ALENCON"
1773,61100,"FLERS"
1774,61140,"BAGNOLES DE L'ORNE NORMANDIE"
1775,62000,"ARRAS"
1776,62100,"CALAIS"
1777,62110,"HENIN-BEAUMONT"
1778,62118,"BIACHE-SAINT-VAAST"
1779,62120,"AIRE-SUR-LA-LYS"
1780,62152,"NEUFCHATEL-HARDELOT"
1781,62155,"MERLIMONT"
1782,62160,"AIX NOULETTE"
1783,62179,"WISSANT"
1784,62196,"HESDIGNEUL-LES-BETHUNE"
1785,62200,"BOULOGNE SUR MER"
1786,62210,"AVION"
1787,62217,"ACHICOURT"
1788,62217,"BEAURAINS"
1789,62219,"LONGUENESSE"
1790,62220,"CARVIN"
1791,62223,"SAINT-NICOLAS"
1792,62223,"ANZIN-SAINT-AUBIN"
1793,62223,"SAINTE-CATHERINE"
1794,62250,"MARQUISE"
1795,62280,"ST MARTIN BOULOGNE"
1796,62300,"ELEU-DIT-LEAUWETTE"
1797,62300,"LENS"
1798,62330,"ISBERGUES"
1799,62400,"BETHUNE"
1800,62410,"WINGLES"
1801,62440,"HARNES"
1802,62460,"DIVION"
1803,62500,"SAINT OMER"
1804,62510,"ARQUES"
1805,62520,"LE TOUQUET PARIS PLAGE"
1806,62575,"BLENDECQUES"
1807,62580,"NEUVILLE-ST-VAAST"
1808,62600,"BERCK"
1809,62640,"MONTIGNY EN GOHELLE"
1810,62660,"BEUVRY"
1811,62690,"SAVY-BERLETTE"
1812,62750,"LOOS EN GOHELLE"
1813,62780,"CUCQ"
1814,62930,"WIMEREUX"
1815,63114,"MONTPEYROUX"
1816,63140,"CHATELGUYON"
1817,63200,"RIOM"
1818,63230,"PONTGIBAUD"
1819,63300,"THIERS"
1820,63500,"ISSOIRE"
1821,63610,"BESSE-ET-SAINT-ANASTAISE"
1822,63680,"CHASTREIX"
1823,63710,"SAINT-NECTAIRE"
1824,64000,"PAU"
1825,64100,"BAYONNE"
1826,64110,"JURANCON"
1827,64110,"GELOS"
1828,64110,"RONTIGNON"
1829,64120,"SAINT-PALAIS"
1830,64121,"SERRES CASTET"
1831,64130,"MAULEON LICHARRE"
1832,64140,"BILLERE"
1833,64140,"LONS"
1834,64150,"MOURENX"
1835,64160,"MORLAAS"
1836,64190,"NAVARRENX"
1837,64200,"BIARRITZ"
1838,64200,"BASSUSSARRY"
1839,64220,"UHART-CIZE"
1840,64230,"SAUVAGNON"
1841,64230,"MAZEROLLES"
1842,64230,"LESCAR"
1843,64230,"DENGUIN"
1844,64240,"HASPARREN"
1845,64260,"REBENACQ"
1846,64260,"SEVIGNACQ MEYRACQ"
1847,64300,"ORTHEZ"
1848,64320,"BIZANOS"
1849,64320,"IDRON"
1850,64400,"OLORON SAINTE MARIE"
1851,64400,"MOUMOUR"
1852,64440,"EAUX BONNES"
1853,64440,"LARUNS"
1854,64450,"MIOSSENS LANUSSE"
1855,64480,"USTARITZ"
1856,64500,"SAINT-JEAN-DE-LUZ"
1857,64500,"CIBOURE"
1858,64570,"ARETTE"
1859,64600,"ANGLET"
1860,64700,"HENDAYE"
1861,64800,"LESTELLE BETHARRAM"
1862,64800,"NAY"
1863,64990,"LAHONCE"
1864,65000,"TARBES"
1865,65100,"LOURDES"
1866,65100,"ADE"
1867,65110,"CAUTERETS"
1868,65120,"BAREGES"
1869,65120,"ESQUIEZE-SERE"
1870,65120,"LUZ-SAINT-SAUVEUR"
1871,65130,"CAPVERN"
1872,65170,"SAINT-LARY-SOULAN"
1873,65170,"SAILHAN"
1874,65170,"ARAGNOUET"
1875,65170,"VIELLE-AURE"
1876,65200,"BAGNERES-DE-BIGORRE"
1877,65240,"ARREAU"
1878,65240,"GERM"
1879,65400,"ARGELES-GAZOST"
1880,65600,"SEMEAC"
1881,65710,"CAMPAN"
1882,66000,"PERPIGNAN"
1883,66100,"PERPIGNAN"
1884,66110,"AMELIE LES BAINS"
1885,66120,"FONT-ROMEU ODEILLO-VIA"
1886,66140,"CANET EN ROUSSILLON"
1887,66160,"LE BOULOU"
1888,66200,"ELNE"
1889,66200,"CORNEILLA DEL VERCOL"
1890,66200,"ALENYA"
1891,66210,"LES ANGLES"
1892,66210,"BOLQUERE"
1893,66210,"PUYVALADOR"
1894,66210,"FORMIGUERES"
1895,66220,"SAINT-PAUL-DE-FENOUILLET"
1896,66350,"TOULOUGES"
1897,66400,"CERET"
1898,66420,"LE BARCARES"
1899,66440,"TORREILLES"
1900,66470,"SAINTE-MARIE-LA-MER"
1901,66600,"RIVESALTES"
1902,66700,"ARGELES SUR MER"
1903,66750,"SAINT-CYPRIEN"
1904,69001,"LYON 1ER"
1905,69002,"LYON 2EME"
1906,69003,"LYON 3EME"
1907,69004,"LYON 4EME"
1908,69005,"LYON 5EME"
1909,69006,"LYON 6EME"
1910,69007,"LYON 7EME"
1911,69008,"LYON 8EME"
1912,69009,"LYON 9EME"
1913,69100,"VILLEURBANNE"
1914,69110,"SAINTE FOY LES LYON"
1915,69120,"VAULX EN VELIN"
1916,69126,"BRINDAS"
1917,69130,"ECULLY"
1918,69140,"RILLIEUX-LA-PAPE"
1919,69150,"DECINES-CHARPIEU"
1920,69160,"TASSIN-LA-DEMI-LUNE"
1921,69170,"TARARE"
1922,69190,"ST FONS"
1923,69200,"VENISSIEUX"
1924,69210,"L ARBRESLE"
1925,69210,"FLEURIEUX-SUR-L ARBRESLE"
1926,69210,"SAIN-BEL"
1927,69210,"LENTILLY"
1928,69210,"BULLY"
1929,69210,"SAINT GERMAIN NUELLES"
1930,69220,"CHARENTAY"
1931,69220,"BELLEVILLE-EN-BEAUJOLAIS"
1932,69220,"CERCIE"
1933,69230,"SAINT-GENIS-LAVAL"
1934,69240,"THIZY LES BOURGS"
1935,69250,"ALBIGNY-SUR-SAONE"
1936,69250,"NEUVILLE SUR SAONE"
1937,69250,"FLEURIEU-SUR-SAONE"
1938,69250,"CURIS-AU-MONT-D'OR"
1939,69250,"MONTANAY"
1940,69260,"CHARBONNIERES-LES-BAINS"
1941,69270,"FONTAINES SUR SAONE"
1942,69270,"COUZON-AU-MONT-D OR"
1943,69270,"CAILLOUX-SUR-FONTAINES"
1944,69270,"ROCHETAILLEE-SUR-SAONE"
1945,69270,"SAINT-ROMAIN-AU-MONT-D OR"
1946,69280,"MARCY-L ETOILE"
1947,69290,"CRAPONNE"
1948,69290,"GREZIEU-LA-VARENNE"
1949,69290,"POLLIONNAY"
1950,69300,"CALUIRE ET CUIRE"
1951,69310,"PIERRE BENITE"
1952,69320,"FEYZIN"
1953,69330,"MEYZIEU"
1954,69340,"FRANCHEVILLE"
1955,69350,"LA MULATIERE"
1956,69360,"TERNAY"
1957,69360,"SEREZIN-DU-RHONE"
1958,69360,"SOLAIZE"
1959,69360,"SAINT-SYMPHORIEN-D'OZON"
1960,69370,"SAINT-DIDIER-AU-MONT-D OR"
1961,69380,"MARCILLY-D AZERGUES"
1962,69380,"CHASSELAY"
1963,69380,"DOMMARTIN"
1964,69380,"LOZANNE"
1965,69380,"ALIX"
1966,69380,"CHESSY"
1967,69390,"CHARLY"
1968,69390,"VERNAISON"
1969,69390,"VOURLES"
1970,69400,"VILLEFRANCHE"
1971,69400,"LIMAS"
1972,69400,"ARNAS"
1973,69400,"GLEIZE"
1974,69410,"CHAMPAGNE-AU-MONT-D OR"
1975,69420,"CONDRIEU"
1976,69420,"AMPUIS"
1977,69430,"SAINT-DIDIER-SUR-BEAUJEU"
1978,69440,"TALUYERS"
1979,69440,"SAINT LAURENT D'AGNY"
1980,69440,"MORNANT"
1981,69450,"SAINT CYR AU MONT D OR"
1982,69480,"ANSE"
1983,69480,"LUCENAY"
1984,69480,"MARCY"
1985,69490,"SARCEY"
1986,69490,"SAINT-FORGEUX"
1987,69500,"BRON"
1988,69510,"SOUCIEU EN JARREST"
1989,69510,"THURINS"
1990,69520,"GRIGNY"
1991,69530,"BRIGNAIS"
1992,69540,"IRIGNY"
1993,69550,"AMPLEPUIS"
1994,69560,"SAINTE-COLOMBE"
1995,69560,"SAINT ROMAIN EN GAL"
1996,69570,"DARDILLY"
1997,69580,"SATHONAY-CAMP"
1998,69580,"SATHONAY-VILLAGE"
1999,69590,"SAINT SYMPHORIEN SUR COISE"
2000,69600,"OULLINS"
2001,69610,"SAINTE-FOY-L ARGENTIERE"
2002,69620,"LEGNY"
2003,69620,"VAL D'OINGT"
2004,69630,"CHAPONOST"
2005,69640,"VILLE SUR JARNIOUX"
2006,69640,"SAINT-JULIEN"
2007,69650,"QUINCIEUX"
2008,69650,"SAINT-GERMAIN-AU-MONT-D OR"
2009,69660,"COLLONGES-AU-MONT- D OR"
2010,69680,"CHASSIEU"
2011,69690,"BRUSSIEU"
2012,69690,"COURZIEU"
2013,69700,"GIVORS"
2014,69700,"ECHALAS"
2015,69700,"MONTAGNY"
2016,69720,"SAINT-BONNET-DE-MURE"
2017,69720,"SAINT-LAURENT-DE-MURE"
2018,69730,"GENAY"
2019,69740,"GENAS"
2020,69760,"LIMONEST"
2021,69780,"SAINT-PIERRE-DE-CHANDIEU"
2022,69780,"MIONS"
2023,69780,"TOUSSIEU"
2024,69800,"SAINT-PRIEST"
2025,69830,"SAINT GEORGES DE RENEINS"
2026,69850,"DUERNE"
2027,69870,"LAMURE SUR AZERGUES"
2028,69890,"LA TOUR DE SALVAGNY"
2029,69960,"CORBAS"
2030,70000,"VESOUL"
2031,70000,"NOIDANS-LES-VESOUL"
2032,70000,"NAVENNE"
2033,70000,"PUSEY"
2034,70000,"ECHENOZ-LA-MELINE"
2035,70100,"ARC-LES-GRAY"
2036,70110,"VILLERSEXEL"
2037,70190,"RIOZ"
2038,70200,"LURE"
2039,70300,"LUXEUIL-LES-BAINS"
2040,70300,"SAINT-SAUVEUR"
2041,70400,"HERICOURT"
2042,70400,"CHALONVILLARS"
2043,70400,"CHAGEY"
2044,71000,"MACON"
2045,71100,"CHALON-SUR-SAONE"
2046,71100,"SAINT-REMY"
2047,71120,"CHAROLLES"
2048,71150,"CHAGNY"
2049,71160,"DIGOIN"
2050,71170,"CHAUFFAILLES"
2051,71200,"LE CREUSOT"
2052,71200,"SAINT SERNIN DU BOIS"
2053,71210,"MONTCHANIN"
2054,71230,"SAINT VALLIER"
2055,71250,"CLUNY"
2056,71300,"MONTCEAU LES MINES"
2057,71390,"SAINT-DESERT"
2058,71400,"AUTUN"
2059,71450,"BLANZY"
2060,71500,"LOUHANS"
2061,71600,"PARAY LE MONIAL"
2062,71640,"GIVRY"
2063,71700,"TOURNUS"
2064,72000,"LE MANS"
2065,72100,"LE MANS"
2066,72120,"SAINT CALAIS"
2067,72170,"BEAUMONT SUR SARTHE"
2068,72200,"LA FLECHE"
2069,72200,"CLERMONT CREANS"
2070,72220,"SAINT MARS D OUTILLE"
2071,72230,"RUAUDIN"
2072,72230,"MULSANNE"
2073,72250,"PARIGNE L EVEQUE"
2074,72300,"SABLE SUR SARTHE"
2075,72400,"LA FERTE BERNARD"
2076,72430,"NOYEN SUR SARTHE"
2077,72450,"MONTFORT-LE-GESNOIS"
2078,72500,"MONTVAL-SUR-LOIR"
2079,72600,"MAMERS"
2080,72610,"CHAMPFLEUR"
2081,72700,"ALLONNES"
2082,72800,"AUBIGNE RACAN"
2083,73000,"CHAMBERY"
2084,73000,"BASSENS"
2085,73000,"BARBERAZ"
2086,73100,"AIX LES BAINS"
2087,73100,"MOUXY"
2088,73100,"TRESSERVE"
2089,73120,"COURCHEVEL"
2090,73130,"SAINT FRANCOIS LONGCHAMP"
2091,73150,"VAL-D ISERE"
2092,73190,"SAINT-JEOIRE-PRIEURE"
2093,73200,"ALBERTVILLE"
2094,73210,"LA PLAGNE TARENTAISE"
2095,73210,"AIME LA PLAGNE"
2096,73220,"EPIERRE"
2097,73230,"BARBY"
2098,73230,"SAINT-JEAN-D ARVEY"
2099,73260,"LES AVANCHERS VALMOREL"
2100,73270,"VILLARD SUR DORON"
2101,73290,"LA MOTTE SERVOLEX"
2102,73300,"ALBIEZ-MONTROND"
2103,73320,"TIGNES"
2104,73410,"ENTRELACS"
2105,73420,"VOGLANS"
2106,73440,"LES BELLEVILLE"
2107,73450,"VALLOIRE"
2108,73450,"VALMEINIER"
2109,73480,"VAL CENIS"
2110,73490,"LA RAVOIRE"
2111,73500,"MODANE"
2112,73500,"AUSSOIS"
2113,73550,"LES ALLUES"
2114,73590,"FLUMET"
2115,73620,"HAUTELUCE"
2116,73700,"MONTVALEZAN"
2117,73700,"BOURG-SAINT-MAURICE"
2118,73710,"PRALOGNAN-LA-VANOISE"
2119,74000,"ANNECY"
2120,74100,"ANNEMASSE"
2121,74100,"VETRAZ-MONTHOUX"
2122,74100,"VILLE-LA-GRAND"
2123,74120,"PRAZ SUR ARLY"
2124,74120,"MEGEVE"
2125,74120,"DEMI-QUARTIER"
2126,74130,"MONT-SAXONNEX"
2127,74130,"BONNEVILLE"
2128,74130,"CONTAMINE-SUR-ARVE"
2129,74130,"GLIERES-VAL-DE-BORNE"
2130,74150,"RUMILLY"
2131,74160,"NEYDENS"
2132,74160,"COLLONGES-SOUS-SALEVE"
2133,74160,"SAINT-JULIEN-EN-GENEVOIS"
2134,74160,"ARCHAMPS"
2135,74170,"LES CONTAMINES MONTJOIE"
2136,74170,"SAINT GERVAIS LES BAINS"
2137,74190,"PASSY"
2138,74210,"FAVERGES-SEYTHENEX"
2139,74210,"DOUSSARD"
2140,74220,"LA CLUSAZ"
2141,74230,"MANIGOD"
2142,74230,"THONES"
2143,74240,"GAILLARD"
2144,74250,"VIUZ-EN-SALLAZ"
2145,74250,"LA TOUR"
2146,74260,"LES GETS"
2147,74290,"VEYRIER-DU-LAC"
2148,74290,"MENTHON-SAINT-BERNARD"
2149,74300,"THYEZ"
2150,74300,"ARACHES LA FRASSE"
2151,74300,"CLUSES"
2152,74310,"SERVOZ"
2153,74310,"LES HOUCHES"
2154,74330,"LA BALME DE SILLINGY"
2155,74330,"POISY"
2156,74330,"EPAGNY METZ-TESSY"
2157,74340,"SAMOENS"
2158,74350,"ALLONZIER-LA-CAILLE"
2159,74350,"COPPONEX"
2160,74370,"ARGONAY"
2161,74370,"ANNECY"
2162,74380,"LUCINGES"
2163,74380,"BONNE"
2164,74400,"CHAMONIX MONT BLANC"
2165,74410,"DUINGT"
2166,74430,"SAINT-JEAN-D'AULPS"
2167,74440,"TANINGES"
2168,74440,"MORILLON"
2169,74440,"MIEUSSY"
2170,74440,"VERCHAIX"
2171,74450,"LE GRAND BORNAND"
2172,74460,"MARNAZ"
2173,74480,"PASSY"
2174,74490,"ONNION"
2175,74490,"SAINT-JEOIRE"
2176,74500,"EVIAN-LES-BAINS"
2177,74500,"SAINT-PAUL-EN-CHABLAIS"
2178,74520,"VALLEIRY"
2179,74520,"CHENEX"
2180,74560,"MONNETIER-MORNEX"
2181,74570,"GROISY"
2182,74580,"VIRY"
2183,74600,"ANNECY"
2184,74660,"VALLORCINE"
2185,74700,"SALLANCHES"
2186,74700,"CORDON"
2187,74800,"LA ROCHE SUR FORON"
2188,74800,"CORNIER"
2189,74800,"AMANCY"
2190,74800,"SAINT-PIERRE-EN-FAUCIGNY"
2191,74920,"COMBLOUX"
2192,74940,"ANNECY"
2193,74950,"SCIONZIER"
2194,74960,"ANNECY"
2195,74970,"MARIGNIER"
2196,75001,"PARIS 01"
2197,75002,"PARIS 02"
2198,75003,"PARIS 03"
2199,75004,"PARIS 04"
2200,75005,"PARIS 05"
2201,75006,"PARIS 06"
2202,75007,"PARIS 07"
2203,75008,"PARIS 08"
2204,75009,"PARIS 09"
2205,75010,"PARIS 10"
2206,75011,"PARIS 11"
2207,75012,"PARIS 12"
2208,75013,"PARIS 13"
2209,75014,"PARIS 14"
2210,75015,"PARIS 15"
2211,75016,"BOULOGNE-BILLANCOURT"
2212,75016,"PARIS 16"
2213,75017,"PARIS 17"
2214,75018,"PARIS 18"
2215,75019,"PARIS 19"
2216,75020,"PARIS 20"
2217,76000,"ROUEN"
2218,76100,"ROUEN"
2219,76110,"BREAUTE"
2220,76120,"GRAND QUEVILLY (LE)"
2221,76130,"MONT-SAINT-AIGNAN"
2222,76140,"PETIT QUEVILLY (LE)"
2223,76150,"MAROMME"
2224,76160,"DARNETAL"
2225,76160,"SAINT-LEGER-DU-BOURG-DENIS"
2226,76170,"LILLEBONNE"
2227,76190,"YVETOT"
2228,76200,"DIEPPE"
2229,76210,"GRUCHET-LE-VALASSE"
2230,76210,"LANQUETOT"
2231,76210,"BOLBEC"
2232,76220,"GOURNAY-EN-BRAY"
2233,76230,"BOIS GUILLAUME"
2234,76240,"MESNIL-ESNARD (LE)"
2235,76240,"BONSECOURS"
2236,76250,"DEVILLE-LES-ROUEN"
2237,76260,"EU"
2238,76290,"MONTIVILLIERS"
2239,76300,"SOTTEVILLE-LES-ROUEN"
2240,76310,"STE ADRESSE"
2241,76320,"CAUDEBEC-LES-ELBEUF"
2242,76320,"SAINT PIERRE LES ELBEUF"
2243,76330,"PORT-JEROME-SUR-SEINE"
2244,76360,"BARENTIN"
2245,76360,"VILLERS ECALLES"
2246,76370,"DIEPPE"
2247,76380,"CANTELEU"
2248,76400,"FECAMP"
2249,76400,"MANIQUERVILLE"
2250,76410,"TOURVILLE-LA-RIVIERE"
2251,76420,"BIHOREL"
2252,76430,"SAINT-ROMAIN-DE-COLBOSC"
2253,76440,"FORGES-LES-EAUX"
2254,76450,"SAINT MARTIN AUX BUNEAUX"
2255,76460,"SAINT-VALERY-EN-CAUX"
2256,76470,"LE TREPORT"
2257,76490,"RIVES-EN-SEINE"
2258,76500,"ELBEUF"
2259,76540,"SAINT-PIERRE-EN-PORT"
2260,76600,"LE HAVRE"
2261,76610,"LE HAVRE"
2262,76620,"LE HAVRE"
2263,76650,"PETIT-COURONNE (LE)"
2264,76700,"HARFLEUR"
2265,76700,"SAINT-LAURENT-DE-BREVEDENT"
2266,76700,"GONFREVILLE L ORCHER"
2267,76760,"YERVILLE"
2268,76790,"ETRETAT"
2269,76800,"SAINT-ETIENNE-DU-ROUVRAY"
2270,76880,"ARQUES-LA-BATAILLE"
2271,76920,"AMFREVILLE-LA-MIVOIE"
2272,76960,"NOTRE-DAME-DE-BONDEVILLE"
2273,76970,"GREMONVILLE"
2274,77000,"MELUN"
2275,77000,"VAUX-LE-PENIL"
2276,77000,"ROCHETTE(LA)"
2277,77090,"COLLEGIEN"
2278,77100,"MEAUX"
2279,77100,"NANTEUIL-LES-MEAUX"
2280,77111,"SOLERS"
2281,77111,"SOIGNOLLES-EN-BRIE"
2282,77115,"SIVRY-COURTRY"
2283,77120,"COULOMMIERS"
2284,77120,"BEAUTHEIL-SAINTS"
2285,77123,"NOISY-SUR-ECOLE"
2286,77124,"VILLENOY"
2287,77124,"CREGY-LES-MEAUX"
2288,77124,"CHAUCONIN-NEUFMONTIERS"
2289,77127,"LIEUSAINT"
2290,77130,"MONTEREAU FAULT YONNE"
2291,77130,"CANNES-ECLUSE"
2292,77133,"MACHAULT"
2293,77134,"ORMES-SUR-VOULZIE (LES)"
2294,77135,"PONTCARRE"
2295,77139,"DOUY-LA-RAMEE"
2296,77140,"SAINT-PIERRE-LES-NEMOURS"
2297,77140,"NEMOURS"
2298,77144,"MONTEVRAIN"
2299,77150,"LESIGNY"
2300,77160,"PROVINS"
2301,77163,"MORTCERF"
2302,77164,"FERRIERES-EN-BRIE"
2303,77165,"SAINT-SOUPPLETS"
2304,77166,"GRISY-SUISNES"
2305,77166,"EVRY-GREGY-SUR-YERRE"
2306,77169,"SAINT-SIMEON"
2307,77170,"SERVON"
2308,77170,"BRIE COMTE ROBERT"
2309,77170,"COUBERT"
2310,77173,"CHEVRY-COSSIGNY"
2311,77174,"VILLENEUVE-SAINT-DENIS"
2312,77176,"SAVIGNY-LE-TEMPLE"
2313,77176,"NANDY"
2314,77177,"BROU-SUR-CHANTEREINE"
2315,77178,"SAINT-PATHUS"
2316,77178,"OISSERY"
2317,77181,"LE PIN"
2318,77181,"COURTRY"
2319,77183,"CROISSY-BEAUBOURG"
2320,77184,"EMERAINVILLE"
2321,77185,"LOGNES"
2322,77186,"NOISIEL"
2323,77190,"DAMMARIE LES LYS"
2324,77200,"TORCY"
2325,77210,"AVON"
2326,77220,"TOURNAN-EN-BRIE"
2327,77220,"GRETZ-ARMAINVILLIERS"
2328,77220,"PRESLES-EN-BRIE"
2329,77220,"FAVIERES"
2330,77230,"LONGPERRIER"
2331,77230,"DAMMARTIN-EN-GOELE"
2332,77230,"VILLENEUVE SOUS DAMMARTIN"
2333,77230,"NANTOUILLET"
2334,77230,"SAINT-MARD"
2335,77230,"THIEUX"
2336,77240,"CESSON"
2337,77240,"SEINE-PORT"
2338,77250,"MORET-LOING-ET-ORVANNE"
2339,77260,"LA FERTE SOUS JOUARRE"
2340,77270,"VILLEPARISIS"
2341,77280,"OTHIS"
2342,77290,"MITRY MORY"
2343,77300,"FONTAINEBLEAU"
2344,77310,"SAINT-FARGEAU-PONTHIERRY"
2345,77310,"PRINGY"
2346,77320,"JOUY-SUR-MORIN"
2347,77320,"FERTE-GAUCHER (LA)"
2348,77330,"OZOIR LA FERRIERE"
2349,77340,"PONTAULT COMBAULT"
2350,77350,"LE MEE SUR SEINE"
2351,77360,"VAIRES SUR MARNE"
2352,77370,"GASTINS"
2353,77370,"NANGIS"
2354,77370,"MAISON-ROUGE"
2355,77380,"COMBS LA VILLE"
2356,77390,"GUIGNES"
2357,77390,"ANDREZEL"
2358,77390,"CHAUMES-EN-BRIE"
2359,77390,"CHAMPDEUIL"
2360,77400,"SAINT THIBAULT DES VIGNES"
2361,77400,"POMPONNE"
2362,77400,"LAGNY-SUR-MARNE"
2363,77400,"THORIGNY SUR MARNE"
2364,77400,"DAMPMART"
2365,77400,"GOUVERNES"
2366,77400,"CARNETIN"
2367,77410,"CLAYE-SOUILLY"
2368,77410,"ANNET-SUR-MARNE"
2369,77410,"VILLEVAUDE"
2370,77410,"CHARMENTRAY"
2371,77410,"MESSY"
2372,77420,"CHAMPS-SUR-MARNE"
2373,77430,"CHAMPAGNE SUR SEINE"
2374,77440,"MARY-SUR-MARNE"
2375,77450,"ESBLY"
2376,77450,"CONDE-SAINTE-LIBIAIRE"
2377,77450,"TRILBARDOU"
2378,77450,"ISLES-LES-VILLENOY"
2379,77460,"SOUPPES-SUR-LOING"
2380,77470,"TRILPORT"
2381,77470,"POINCY"
2382,77480,"MOUY-SUR-SEINE"
2383,77480,"MOUSSEAUX-LES-BRAY"
2384,77500,"CHELLES"
2385,77510,"REBAIS"
2386,77540,"ROZAY-EN-BRIE"
2387,77550,"REAU"
2388,77550,"MOISSY-CRAMAYEL"
2389,77580,"CRECY LA CHAPELLE"
2390,77580,"VILLIERS-SUR-MORIN"
2391,77590,"CHARTRETTES"
2392,77590,"BOIS LE ROI"
2393,77600,"BUSSY-SAINT-GEORGES"
2394,77600,"BUSSY-SAINT-MARTIN"
2395,77600,"CHANTELOUP EN BRIE"
2396,77600,"JOSSIGNY"
2397,77600,"GUERMANTES"
2398,77610,"FONTENAY-TRESIGNY"
2399,77630,"BARBIZON"
2400,77630,"SAINT-MARTIN-EN-BIERE"
2401,77640,"JOUARRE"
2402,77670,"SAINT-MAMMES"
2403,77680,"ROISSY-EN-BRIE"
2404,77690,"MONTIGNY-SUR-LOING"
2405,77690,"GENEVRAYE (LA)"
2406,77700,"SERRIS"
2407,77700,"MAGNY-LE-HONGRE"
2408,77700,"COUPVRAY"
2409,77700,"BAILLY-ROMAINVILLIERS"
2410,77700,"CHESSY"
2411,77720,"CHAMPEAUX"
2412,77720,"BOMBON"
2413,77720,"MORMANT"
2414,77730,"CITRY"
2415,77750,"BASSEVELLE"
2416,77760,"ACHERES-LA-FORET"
2417,77820,"CHATELET-EN-BRIE (LE)"
2418,77840,"CROUY-SUR-OURCQ"
2419,77850,"HERICY"
2420,77860,"QUINCY-VOISINS"
2421,77860,"COUILLY-PONT-AUX-DAMES"
2422,77910,"VARREDDES"
2423,77910,"CHAMBRY"
2424,77920,"SAMOIS SUR SEINE"
2425,77930,"SAINT-SAUVEUR-SUR-ECOLE"
2426,77940,"VOULX"
2427,78000,"VERSAILLES"
2428,78100,"SAINT-GERMAIN-EN-LAYE"
2429,78110,"VESINET (LE)"
2430,78112,"SAINT-GERMAIN-EN-LAYE"
2431,78114,"MAGNY-LES-HAMEAUX"
2432,78117,"CHATEAUFORT"
2433,78120,"RAMBOUILLET"
2434,78121,"CRESPIERES"
2435,78125,"GAZERAN"
2436,78130,"MUREAUX (LES)"
2437,78140,"VELIZY VILLACOUBLAY"
2438,78150,"LE CHESNAY-ROCQUENCOURT"
2439,78160,"MARLY-LE-ROI"
2440,78170,"CELLE-SAINT-CLOUD (LA)"
2441,78180,"MONTIGNY LE BRETONNEUX"
2442,78190,"TRAPPES"
2443,78200,"MANTES-LA-JOLIE"
2444,78200,"BUCHELAY"
2445,78200,"PERDREAUVILLE"
2446,78200,"MAGNANVILLE"
2447,78210,"SAINT-CYR-L ECOLE"
2448,78220,"VIROFLAY"
2449,78230,"PECQ (LE)"
2450,78240,"CHAMBOURCY"
2451,78250,"MEULAN-EN-YVELINES"
2452,78250,"MEZY-SUR-SEINE"
2453,78260,"ACHERES"
2454,78270,"BENNECOURT"
2455,78270,"BONNIERES-SUR-SEINE"
2456,78270,"LIMETZ-VILLEZ"
2457,78280,"GUYANCOURT"
2458,78290,"CROISSY SUR SEINE"
2459,78300,"POISSY"
2460,78310,"MAUREPAS"
2461,78310,"COIGNIERES"
2462,78320,"MESNIL-SAINT-DENIS (LE)"
2463,78320,"VERRIERE (LA)"
2464,78330,"FONTENAY LE FLEURY"
2465,78340,"CLAYES-SOUS-BOIS (LES)"
2466,78350,"JOUY EN JOSAS"
2467,78360,"MONTESSON"
2468,78370,"PLAISIR"
2469,78380,"BOUGIVAL"
2470,78390,"BOIS D ARCY"
2471,78400,"CHATOU"
2472,78410,"AUBERGENVILLE"
2473,78410,"BOUAFLE"
2474,78410,"NEZEL"
2475,78410,"FLINS-SUR-SEINE"
2476,78420,"CARRIERES SUR SEINE"
2477,78430,"LOUVECIENNES"
2478,78440,"FONTENAY-SAINT-PERE"
2479,78440,"ISSOU"
2480,78440,"GARGENVILLE"
2481,78450,"VILLEPREUX"
2482,78450,"CHAVENAY"
2483,78460,"CHEVREUSE"
2484,78470,"SAINT-REMY-LES-CHEVREUSE"
2485,78480,"VERNEUIL SUR SEINE"
2486,78490,"GALLUIS"
2487,78490,"MAREIL-LE-GUYON"
2488,78490,"MESNULS (LES)"
2489,78490,"MONTFORT-L AMAURY"
2490,78490,"TREMBLAY-SUR-MAULDRE (LE)"
2491,78500,"SARTROUVILLE"
2492,78510,"TRIEL SUR SEINE"
2493,78520,"LIMAY"
2494,78530,"BUC"
2495,78540,"VERNOUILLET"
2496,78550,"HOUDAN"
2497,78550,"MAULETTE"
2498,78550,"RICHEBOURG"
2499,78560,"PORT-MARLY (LE)"
2500,78570,"ANDRESY"
2501,78570,"CHANTELOUP-LES-VIGNES"
2502,78580,"MAULE"
2503,78590,"NOISY LE ROI"
2504,78600,"MAISONS-LAFFITTE"
2505,78600,"MESNIL-LE-ROI (LE)"
2506,78610,"SAINT-LEGER-EN-YVELINES"
2507,78610,"PERRAY-EN-YVELINES (LE)"
2508,78620,"ETANG-LA-VILLE (L )"
2509,78630,"ORGEVAL"
2510,78630,"MORAINVILLIERS"
2511,78640,"SAINT-GERMAIN-DE-LA-GRANGE"
2512,78640,"NEAUPHLE-LE-CHATEAU"
2513,78640,"VILLIERS-SAINT-FREDERIC"
2514,78650,"BEYNES"
2515,78670,"VILLENNES-SUR-SEINE"
2516,78680,"EPONE"
2517,78690,"ESSARTS-LE-ROI (LES)"
2518,78700,"CONFLANS SAINTE HONORINE"
2519,78711,"MANTES-LA-VILLE"
2520,78720,"CERNAY-LA-VILLE"
2521,78720,"DAMPIERRE-EN-YVELINES"
2522,78730,"SAINT-ARNOULT-EN-YVELINES"
2523,78730,"ROCHEFORT-EN-YVELINES"
2524,78740,"VAUX-SUR-SEINE"
2525,78750,"MAREIL-MARLY"
2526,78760,"JOUARS-PONTCHARTRAIN"
2527,78770,"THOIRY"
2528,78780,"MAURECOURT"
2529,78790,"SEPTEUIL"
2530,78790,"SAINT-MARTIN-DES-CHAMPS"
2531,78800,"HOUILLES"
2532,78810,"FEUCHEROLLES"
2533,78820,"JUZIERS"
2534,78830,"BULLION"
2535,78830,"BONNELLES"
2536,78840,"FRENEUSE"
2537,78860,"SAINT-NOM-LA-BRETECHE"
2538,78870,"BAILLY"
2539,78910,"ORVILLIERS"
2540,78920,"ECQUEVILLY"
2541,78930,"GUERVILLE"
2542,78940,"QUEUE-LES-YVELINES (LA)"
2543,78955,"CARRIERES SOUS POISSY"
2544,78960,"VOISINS-LE-BRETONNEUX"
2545,78970,"MEZIERES-SUR-SEINE"
2546,78990,"ELANCOURT"
2547,79000,"NIORT"
2548,79180,"CHAURAY"
2549,79200,"PARTHENAY"
2550,79270,"FRONTENAY-ROHAN-ROHAN"
2551,79300,"BRESSUIRE"
2552,79340,"LES FORGES"
2553,79400,"EXIREUIL"
2554,79400,"ST MAIXENT L ECOLE"
2555,80000,"AMIENS"
2556,80080,"AMIENS"
2557,80090,"AMIENS"
2558,80100,"ABBEVILLE"
2559,80120,"FORT-MAHON-PLAGE"
2560,80120,"QUEND"
2561,80130,"FRIVILLE-ESCARBOTIN"
2562,80160,"PLACHY-BUYON"
2563,80170,"MEHARICOURT"
2564,80200,"PERONNE"
2565,80230,"SAINT-VALERY-SUR-SOMME"
2566,80250,"AILLY-SUR-NOYE"
2567,80300,"ALBERT"
2568,80330,"LONGUEAU"
2569,80350,"MERS-LES-BAINS"
2570,80410,"CAYEUX-SUR-MER"
2571,80450,"CAMON"
2572,80460,"AULT"
2573,80460,"WOIGNARUE"
2574,80550,"LE CROTOY"
2575,80600,"DOULLENS"
2576,80680,"SAINT-FUSCIEN"
2577,80700,"ROYE"
2578,80800,"CORBIE"
2579,81000,"ALBI"
2580,81100,"CASTRES"
2581,81160,"SAINT JUERY"
2582,81200,"MAZAMET"
2583,81310,"LISLE-SUR-TARN"
2584,81370,"SAINT-SULPICE-LA-POINTE"
2585,82000,"MONTAUBAN"
2586,82100,"CASTELSARRASIN"
2587,82140,"SAINT ANTONIN NOBLE VAL"
2588,82170,"GRISOLLES"
2589,82200,"MOISSAC"
2590,82290,"LA VILLE DIEU DU TEMPLE"
2591,82290,"MONTBETON"
2592,82300,"CAUSSADE"
2593,82410,"ST-ETIENNE-DE-TULMONT"
2594,82500,"BEAUMONT DE LOMAGNE"
2595,82600,"VERDUN-SUR-GARONNE"
2596,82700,"MONTECH"
2597,83000,"TOULON"
2598,83100,"TOULON"
2599,83110,"SANARY SUR MER"
2600,83120,"SAINTE MAXIME"
2601,83130,"LA GARDE"
2602,83131,"MONTFERRAT"
2603,83136,"GAREOULT"
2604,83136,"ROCBARON"
2605,83140,"SIX-FOURS-LES-PLAGES"
2606,83150,"BANDOL"
2607,83160,"LA VALETTE DU VAR"
2608,83170,"BRIGNOLES"
2609,83170,"TOURVES"
2610,83170,"ROUGIERS"
2611,83190,"OLLIOULES"
2612,83200,"TOULON"
2613,83200,"LE REVEST LES EAUX"
2614,83210,"SOLLIES-PONT"
2615,83210,"LA FARLEDE"
2616,83210,"BELGENTIER"
2617,83210,"SOLLIES-VILLE"
2618,83210,"SOLLIES-TOUCAS"
2619,83220,"LE PRADET"
2620,83230,"BORMES-LES-MIMOSAS"
2621,83240,"CAVALAIRE-SUR-MER"
2622,83250,"LA LONDE LES MAURES"
2623,83260,"LA CRAU"
2624,83270,"SAINT-CYR-SUR-MER"
2625,83300,"DRAGUIGNAN"
2626,83310,"GRIMAUD"
2627,83310,"COGOLIN"
2628,83320,"CARQUEIRANNE"
2629,83330,"LE BEAUSSET"
2630,83330,"EVENOS"
2631,83330,"LE CASTELLET"
2632,83340,"LE CANNET DES MAURES"
2633,83340,"LE LUC"
2634,83340,"CABASSE"
2635,83350,"RAMATUELLE"
2636,83370,"FREJUS"
2637,83380,"ROQUEBRUNE-SUR-ARGENS"
2638,83390,"PUGET-VILLE"
2639,83390,"CUERS"
2640,83390,"PIERREFEU-DU-VAR"
2641,83400,"HYERES"
2642,83420,"LA CROIX VALMER"
2643,83430,"SAINT-MANDRIER-SUR-MER"
2644,83440,"CALLIAN"
2645,83440,"FAYENCE"
2646,83440,"SEILLANS"
2647,83440,"MONTAUROUX"
2648,83440,"TOURRETTES"
2649,83460,"LES ARCS"
2650,83470,"ST MAXIMIN LA STE BAUME"
2651,83480,"PUGET-SUR-ARGENS"
2652,83490,"LE MUY"
2653,83500,"LA SEYNE SUR MER"
2654,83510,"LORGUES"
2655,83520,"ROQUEBRUNE-SUR-ARGENS"
2656,83530,"SAINT RAPHAEL"
2657,83550,"VIDAUBAN"
2658,83560,"RIANS"
2659,83570,"ENTRECASTEAUX"
2660,83570,"MONTFORT SUR ARGENS"
2661,83590,"GONFARON"
2662,83600,"FREJUS"
2663,83600,"LES ADRETS DE L ESTEREL"
2664,83600,"BAGNOLS-EN-FORET"
2665,83610,"COLLOBRIERES"
2666,83660,"CARNOULES"
2667,83670,"BARJOLS"
2668,83690,"SALERNES"
2669,83690,"TOURTOUR"
2670,83700,"SAINT RAPHAEL"
2671,83740,"LA CADIERE D AZUR"
2672,83830,"BARGEMON"
2673,83830,"CLAVIERS"
2674,83870,"SIGNES"
2675,83980,"LE LAVANDOU"
2676,83990,"SAINT TROPEZ"
2677,84000,"AVIGNON"
2678,84100,"ORANGE"
2679,84110,"VAISON-LA-ROMAINE"
2680,84120,"PERTUIS"
2681,84130,"LE PONTET"
2682,84140,"AVIGNON"
2683,84150,"JONQUIERES"
2684,84170,"MONTEUX"
2685,84190,"VACQUEYRAS"
2686,84190,"BEAUMES-DE-VENISE"
2687,84200,"CARPENTRAS"
2688,84210,"PERNES LES FONTAINES"
2689,84230,"CHATEAUNEUF-DU-PAPE"
2690,84240,"LA TOUR D AIGUES"
2691,84240,"LA BASTIDE DES JOURDANS"
2692,84250,"LE THOR"
2693,84260,"SARRIANS"
2694,84270,"VEDENE"
2695,84290,"SAINTE-CECILE-LES-VIGNES"
2696,84300,"CAVAILLON"
2697,84310,"MORIERES LES AVIGNON"
2698,84320,"ENTRAIGUES-SUR-LA-SORGUE"
2699,84330,"CAROMB"
2700,84330,"BARROUX (LE)"
2701,84340,"MALAUCENE"
2702,84350,"COURTHEZON"
2703,84360,"LAURIS"
2704,84360,"MERINDOL"
2705,84370,"BEDARRIDES"
2706,84400,"APT"
2707,84410,"BEDOIN"
2708,84470,"CHATEAUNEUF-DE-GADAGNE"
2709,84490,"SAINT-SATURNIN LES APT"
2710,84500,"BOLLENE"
2711,84530,"VILLELAURE"
2712,84550,"MORNAS"
2713,84570,"MALEMORT-DU-COMTAT"
2714,84700,"SORGUES"
2715,84750,"VIENS"
2716,84800,"L ISLE SUR LA SORGUE"
2717,84800,"SAUMANE-DE-VAUCLUSE"
2718,84810,"AUBIGNAN"
2719,84820,"VISAN"
2720,84830,"SERIGNAN-DU-COMTAT"
2721,85000,"ROCHE SUR YON (LA)"
2722,85100,"SABLES-D'OLONNE (LES)"
2723,85110,"CHANTONNAY"
2724,85140,"ESSARTS EN BOCAGE"
2725,85150,"VAIRE"
2726,85150,"LES ACHARDS"
2727,85160,"SAINT-JEAN-DE-MONTS"
2728,85180,"SABLES-D'OLONNE (LES)"
2729,85200,"FONTENAY-LE-COMTE"
2730,85230,"BEAUVOIR-SUR-MER"
2731,85250,"SAINT-FULGENT"
2732,85260,"BROUZILS (LES)"
2733,85270,"SAINT-HILAIRE-DE-RIEZ"
2734,85290,"MORTAGNE-SUR-SEVRE"
2735,85300,"CHALLANS"
2736,85330,"NOIRMOUTIER-EN-L'ILE"
2737,85340,"SABLES-D'OLONNE (LES)"
2738,85360,"TRANCHE-SUR-MER (LA)"
2739,85400,"LUCON"
2740,85440,"TALMONT-SAINT-HILAIRE"
2741,85460,"AIGUILLON-SUR-MER (L )"
2742,85460,"FAUTE-SUR-MER (LA)"
2743,85470,"BRETIGNOLLES-SUR-MER"
2744,85500,"HERBIERS (LES)"
2745,85520,"JARD-SUR-MER"
2746,85520,"SAINT-VINCENT-SUR-JARD"
2747,85550,"BARRE-DE-MONTS (LA)"
2748,85560,"LONGEVILLE-SUR-MER"
2749,85600,"MONTAIGU-VENDEE"
2750,85620,"ROCHESERVIERE"
2751,85630,"BARBATRE"
2752,85660,"SAINT-PHILBERT-DE-BOUAINE"
2753,85690,"NOTRE-DAME-DE-MONTS"
2754,85800,"SAINT-GILLES-CROIX-DE-VIE"
2755,86000,"POITIERS"
2756,86100,"CHATELLERAULT"
2757,86180,"BUXEROLLES"
2758,86240,"FONTAINE-LE-COMTE"
2759,86270,"LA ROCHE POSAY"
2760,86300,"CHAUVIGNY"
2761,86360,"CHASSENEUIL-DU-POITOU"
2762,86410,"BOURESSE"
2763,86550,"MIGNALOUX-BEAUVOIR"
2764,87000,"LIMOGES"
2765,87100,"LIMOGES"
2766,87170,"ISLE"
2767,87250,"BESSINES-SUR-GARTEMPE"
2768,87270,"COUZEIX"
2769,87280,"LIMOGES"
2770,87400,"ST-LEONARD-DE-NOBLAT"
2771,87500,"ST YRIEIX LA PERCHE"
2772,88000,"EPINAL"
2773,88000,"CHANTRAINE"
2774,88000,"DEYVILLERS"
2775,88000,"LONGCHAMP"
2776,88000,"JEUXEY"
2777,88100,"PAIR-ET-GRANDRUPT"
2778,88100,"SAINT DIE DES VOSGES"
2779,88100,"SAINTE-MARGUERITE"
2780,88110,"RAON L ETAPE"
2781,88120,"VAGNEY"
2782,88120,"SAPOIS"
2783,88140,"CONTREXEVILLE"
2784,88150,"CAPAVENIR VOSGES"
2785,88160,"RAMONCHAMP"
2786,88160,"LE THILLOT"
2787,88190,"GOLBEY"
2788,88200,"REMIREMONT"
2789,88200,"SAINT-NABORD"
2790,88200,"ST-ETIENNE-LES-REMIREMONT"
2791,88220,"HADOL"
2792,88230,"FRAIZE"
2793,88230,"PLAINFAING"
2794,88250,"LA BRESSE"
2795,88270,"DAMAS-ET-BETTEGNEY"
2796,88270,"PIERREFITTE"
2797,88300,"NEUFCHATEAU"
2798,88310,"VENTRON"
2799,88310,"CORNIMONT"
2800,88350,"LIFFOL-LE-GRAND"
2801,88360,"RUPT-SUR-MOSELLE"
2802,88390,"DARNIEULLES"
2803,88390,"LES FORGES"
2804,88390,"GIRANCOURT"
2805,88400,"XONRUPT-LONGEMER"
2806,88400,"GERARDMER"
2807,88420,"MOYENMOUTIER"
2808,88430,"GERBEPAL"
2809,88460,"CHENIMENIL"
2810,88500,"MIRECOURT"
2811,88530,"LA FORGE"
2812,88540,"BUSSANG"
2813,88550,"POUXEUX"
2814,88580,"SAULCY-SUR-MEURTHE"
2815,88600,"LAVELINE-DEVANT-BRUYERES"
2816,88700,"RAMBERVILLERS"
2817,88800,"VITTEL"
2818,89000,"AUXERRE"
2819,89000,"ST GEORGES SUR BAULCHE"
2820,89100,"PARON"
2821,89100,"ST CLEMENT"
2822,89100,"SENS"
2823,89100,"MALAY LE GRAND"
2824,89150,"SAVIGNY SUR CLAIRIS"
2825,89150,"ST VALERIEN"
2826,89200,"AVALLON"
2827,89240,"CHEVANNES"
2828,89260,"THORIGNY-SUR-OREUSE"
2829,89290,"VENOY"
2830,89420,"MONTREAL"
2831,89500,"VILLENEUVE SUR YONNE"
2832,89690,"CHEROY"
2833,89700,"TONNERRE"
2834,90000,"BELFORT"
2835,90300,"OFFEMONT"
2836,90500,"BEAUCOURT"
2837,91000,"EVRY-COURCOURONNES"
2838,91070,"BONDOUFLE"
2839,91080,"EVRY-COURCOURONNES"
2840,91090,"LISSES"
2841,91100,"CORBEIL ESSONNES"
2842,91100,"VILLABE"
2843,91120,"PALAISEAU"
2844,91130,"RIS-ORANGIS"
2845,91140,"VILLEBON SUR YVETTE"
2846,91140,"VILLEJUST"
2847,91150,"ETAMPES"
2848,91150,"ORMOY-LA-RIVIERE"
2849,91150,"MORIGNY-CHAMPIGNY"
2850,91150,"BRIERES-LES-SCELLES"
2851,91160,"LONGJUMEAU"
2852,91160,"SAULX-LES-CHARTREUX"
2853,91160,"BALLAINVILLIERS"
2854,91160,"CHAMPLAN"
2855,91170,"VIRY CHATILLON"
2856,91180,"SAINT-GERMAIN-LES-ARPAJON"
2857,91190,"GIF SUR YVETTE"
2858,91190,"VILLIERS-LE-BACLE"
2859,91200,"ATHIS MONS"
2860,91210,"DRAVEIL"
2861,91220,"BRETIGNY SUR ORGE"
2862,91220,"LE PLESSIS PATE"
2863,91230,"MONTGERON"
2864,91240,"SAINT-MICHEL-SUR-ORGE"
2865,91250,"SAINT-GERMAIN-LES-CORBEIL"
2866,91250,"SAINTRY-SUR-SEINE"
2867,91250,"TIGERY"
2868,91260,"JUVISY SUR ORGE"
2869,91270,"VIGNEUX SUR SEINE"
2870,91280,"SAINT-PIERRE-DU-PERRAY"
2871,91290,"ARPAJON"
2872,91290,"LA NORVILLE"
2873,91300,"MASSY"
2874,91310,"MONTLHERY"
2875,91310,"LINAS"
2876,91310,"LONGPONT-SUR-ORGE"
2877,91310,"LEUVILLE-SUR-ORGE"
2878,91320,"WISSOUS"
2879,91330,"YERRES"
2880,91340,"OLLAINVILLE"
2881,91350,"GRIGNY"
2882,91360,"VILLEMOISSON-S-ORGE"
2883,91360,"EPINAY SUR ORGE"
2884,91370,"VERRIERES LE BUISSON"
2885,91380,"CHILLY MAZARIN"
2886,91390,"MORSANG-SUR-ORGE"
2887,91400,"ORSAY"
2888,91400,"GOMETZ-LA-VILLE"
2889,91400,"SACLAY"
2890,91410,"DOURDAN"
2891,91410,"ROINVILLE-SOUS-DOURDAN"
2892,91410,"CORBREUSE"
2893,91410,"SAINT-CYR-SOUS-DOURDAN"
2894,91420,"MORANGIS"
2895,91430,"IGNY"
2896,91440,"BURES SUR YVETTE"
2897,91450,"ETIOLLES"
2898,91450,"SOISY-SUR-SEINE"
2899,91460,"MARCOUSSIS"
2900,91470,"ANGERVILLIERS"
2901,91470,"FORGES-LES-BAINS"
2902,91470,"LIMOURS"
2903,91480,"VARENNES-JARCY"
2904,91480,"QUINCY-SOUS-SENART"
2905,91490,"MILLY-LA-FORET"
2906,91490,"COURANCES"
2907,91510,"LARDY"
2908,91520,"EGLY"
2909,91530,"VAL-SAINT-GERMAIN (LE)"
2910,91540,"MENNECY"
2911,91540,"FONTENAY-LE-VICOMTE"
2912,91540,"ORMOY"
2913,91550,"PARAY-VIEILLE-POSTE"
2914,91560,"CROSNE"
2915,91570,"BIEVRES"
2916,91580,"ETRECHY"
2917,91580,"VILLENEUVE-SUR-AUVERS"
2918,91590,"BAULNE"
2919,91590,"FERTE-ALAIS (LA)"
2920,91590,"CERNY"
2921,91590,"GUIGNEVILLE"
2922,91590,"D   HUISON LONGUEVILLE"
2923,91590,"BOISSY-LE-CUTTE"
2924,91600,"SAVIGNY-SUR-ORGE"
2925,91610,"BALLANCOURT-SUR-ESSONNE"
2926,91620,"NOZAY"
2927,91620,"VILLE-DU-BOIS (LA)"
2928,91630,"CHEPTAINVILLE"
2929,91630,"LEUDEVILLE"
2930,91630,"MAROLLES-EN-HUREPOIX"
2931,91640,"BRIIS-SOUS-FORGES"
2932,91640,"VAUGRIGNEUSE"
2933,91650,"BREUILLET"
2934,91650,"SAINT-YON"
2935,91670,"ANGERVILLE"
2936,91680,"BRUYERES-LE-CHATEL"
2937,91690,"SACLAS"
2938,91700,"SAINTE-GENEVIEVE-DES-BOIS"
2939,91700,"VILLIERS-SUR-ORGE"
2940,91700,"FLEURY-MEROGIS"
2941,91710,"VERT LE PETIT"
2942,91720,"MAISSE"
2943,91730,"CHAMARANDE"
2944,91740,"PUSSAY"
2945,91750,"CHAMPCUEIL"
2946,91760,"ITTEVILLE"
2947,91770,"SAINT-VRAIN"
2948,91790,"BOISSY-SOUS-SAINT-YON"
2949,91800,"BOUSSY-SAINT-ANTOINE"
2950,91800,"BRUNOY"
2951,91810,"VERT LE GRAND"
2952,91820,"BOUTIGNY-SUR-ESSONNE"
2953,91820,"VAYRES-SUR-ESSONNE"
2954,91830,"COUDRAY-MONTCEAUX (LE)"
2955,91840,"SOISY-SUR-ECOLE"
2956,91850,"BOURAY-SUR-JUINE"
2957,91860,"EPINAY-SOUS-SENART"
2958,91940,"LES ULIS"
2959,91940,"GOMETZ-LE-CHATEL"
2960,91940,"SAINT-JEAN-DE-BEAUREGARD"
2961,92000,"NANTERRE"
2962,92100,"BOULOGNE-BILLANCOURT"
2963,92110,"CLICHY"
2964,92120,"MONTROUGE"
2965,92130,"ISSY-LES-MOULINEAUX"
2966,92140,"CLAMART"
2967,92150,"SURESNES"
2968,92160,"ANTONY"
2969,92170,"VANVES"
2970,92190,"MEUDON"
2971,92200,"NEUILLY-SUR-SEINE"
2972,92210,"SAINT-CLOUD"
2973,92220,"BAGNEUX"
2974,92230,"GENNEVILLIERS"
2975,92240,"MALAKOFF"
2976,92250,"LA GARENNE-COLOMBES"
2977,92260,"FONTENAY-AUX-ROSES"
2978,92270,"BOIS-COLOMBES"
2979,92290,"CHATENAY-MALABRY"
2980,92300,"LEVALLOIS-PERRET"
2981,92310,"SEVRES"
2982,92320,"CHATILLON"
2983,92330,"SCEAUX"
2984,92340,"BOURG-LA-REINE"
2985,92350,"LE PLESSIS-ROBINSON"
2986,92360,"MEUDON"
2987,92370,"CHAVILLE"
2988,92380,"GARCHES"
2989,92390,"VILLENEUVE-LA-GARENNE"
2990,92400,"COURBEVOIE"
2991,92410,"VILLE-D'AVRAY"
2992,92420,"VAUCRESSON"
2993,92500,"RUEIL-MALMAISON"
2994,92600,"ASNIERES-SUR-SEINE"
2995,92700,"COLOMBES"
2996,92800,"PUTEAUX"
2997,93000,"BOBIGNY"
2998,93100,"MONTREUIL"
2999,93110,"ROSNY-SOUS-BOIS"
3000,93120,"LA COURNEUVE"
3001,93130,"NOISY-LE-SEC"
3002,93140,"BONDY"
3003,93150,"LE BLANC-MESNIL"
3004,93160,"NOISY-LE-GRAND"
3005,93170,"BAGNOLET"
3006,93190,"LIVRY-GARGAN"
3007,93200,"SAINT-DENIS"
3008,93210,"SAINT-DENIS"
3009,93220,"GAGNY"
3010,93230,"ROMAINVILLE"
3011,93240,"STAINS"
3012,93250,"VILLEMOMBLE"
3013,93260,"LES LILAS"
3014,93270,"SEVRAN"
3015,93290,"TREMBLAY-EN-FRANCE"
3016,93300,"AUBERVILLIERS"
3017,93310,"LE PRE-SAINT-GERVAIS"
3018,93320,"LES PAVILLONS-SOUS-BOIS"
3019,93330,"NEUILLY-SUR-MARNE"
3020,93340,"LE RAINCY"
3021,93350,"LE BOURGET"
3022,93360,"NEUILLY-PLAISANCE"
3023,93370,"MONTFERMEIL"
3024,93380,"PIERREFITTE-SUR-SEINE"
3025,93390,"CLICHY SOUS BOIS"
3026,93400,"SAINT-OUEN-SUR-SEINE"
3027,93410,"VAUJOURS"
3028,93420,"VILLEPINTE"
3029,93430,"VILLETANEUSE"
3030,93440,"DUGNY"
3031,93450,"L'ILE-SAINT-DENIS"
3032,93460,"GOURNAY SUR MARNE"
3033,93470,"COUBRON"
3034,93500,"PANTIN"
3035,93600,"AULNAY SOUS BOIS"
3036,93700,"DRANCY"
3037,93800,"EPINAY SUR SEINE"
3038,94000,"CRETEIL"
3039,94100,"SAINT-MAUR-DES-FOSSES"
3040,94110,"ARCUEIL"
3041,94120,"FONTENAY-SOUS-BOIS"
3042,94130,"NOGENT-SUR-MARNE"
3043,94140,"ALFORTVILLE"
3044,94150,"RUNGIS"
3045,94160,"SAINT-MANDE"
3046,94170,"LE PERREUX-SUR-MARNE"
3047,94190,"VILLENEUVE-SAINT-GEORGES"
3048,94200,"IVRY-SUR-SEINE"
3049,94210,"SAINT-MAUR-DES-FOSSES"
3050,94220,"CHARENTON-LE-PONT"
3051,94230,"CACHAN"
3052,94240,"L'HAY-LES-ROSES"
3053,94250,"GENTILLY"
3054,94260,"FRESNES"
3055,94270,"LE KREMLIN-BICETRE"
3056,94290,"VILLENEUVE-LE-ROI"
3057,94300,"VINCENNES"
3058,94310,"ORLY"
3059,94320,"THIAIS"
3060,94340,"JOINVILLE-LE-PONT"
3061,94350,"VILLIERS-SUR-MARNE"
3062,94360,"BRY-SUR-MARNE"
3063,94370,"SUCY-EN-BRIE"
3064,94380,"BONNEUIL-SUR-MARNE"
3065,94400,"VITRY-SUR-SEINE"
3066,94410,"ST MAURICE"
3067,94420,"LE PLESSIS-TREVISE"
3068,94430,"CHENNEVIERES SUR MARNE"
3069,94440,"VILLECRESNES"
3070,94440,"SANTENY"
3071,94440,"MAROLLES-EN-BRIE"
3072,94450,"LIMEIL-BREVANNES"
3073,94460,"VALENTON"
3074,94470,"BOISSY-SAINT-LEGER"
3075,94480,"ABLON-SUR-SEINE"
3076,94490,"ORMESSON-SUR-MARNE"
3077,94500,"CHAMPIGNY-SUR-MARNE"
3078,94510,"LA QUEUE-EN-BRIE"
3079,94520,"PERIGNY"
3080,94520,"MANDRES-LES-ROSES"
3081,94550,"CHEVILLY-LARUE"
3082,94600,"CHOISY-LE-ROI"
3083,94700,"MAISONS-ALFORT"
3084,94800,"VILLEJUIF"
3085,94880,"NOISEAU"
3086,95000,"CERGY"
3087,95000,"PONTOISE"
3088,95100,"ARGENTEUIL"
3089,95110,"SANNOIS"
3090,95120,"ERMONT"
3091,95130,"FRANCONVILLE LA GARENNE"
3092,95130,"PLESSIS-BOUCHARD (LE)"
3093,95140,"GARGES-LES-GONESSE"
3094,95150,"TAVERNY"
3095,95160,"MONTMORENCY"
3096,95170,"DEUIL LA BARRE"
3097,95180,"MENUCOURT"
3098,95190,"GOUSSAINVILLE"
3099,95190,"FONTENAY-EN-PARISIS"
3100,95200,"SARCELLES"
3101,95210,"ST GRATIEN"
3102,95220,"HERBLAY-SUR-SEINE"
3103,95230,"SOISY SS MONTMORENCY"
3104,95240,"CORMEILLES-EN-PARISIS"
3105,95250,"BEAUCHAMP"
3106,95260,"BEAUMONT-SUR-OISE"
3107,95270,"BELLOY-EN-FRANCE"
3108,95270,"LUZARCHES"
3109,95270,"VIARMES"
3110,95270,"ASNIERES-SUR-OISE"
3111,95270,"CHAUMONTEL"
3112,95270,"SEUGY"
3113,95280,"JOUY-LE-MOUTIER"
3114,95290,"L'ISLE-ADAM"
3115,95300,"PONTOISE"
3116,95300,"ENNERY"
3117,95310,"ST OUEN L AUMONE"
3118,95320,"ST LEU LA FORET"
3119,95330,"DOMONT"
3120,95340,"PERSAN"
3121,95350,"SAINT-BRICE-SOUS-FORET"
3122,95360,"MONTMAGNY"
3123,95370,"MONTIGNY LES CORMEILLES"
3124,95380,"LOUVRES"
3125,95380,"VILLERON"
3126,95380,"PUISEUX-EN-FRANCE"
3127,95390,"SAINT-PRIX"
3128,95400,"ARNOUVILLE"
3129,95400,"VILLIERS-LE-BEL"
3130,95410,"GROSLAY"
3131,95420,"MAGNY-EN-VEXIN"
3132,95420,"GENAINVILLE"
3133,95430,"AUVERS-SUR-OISE"
3134,95440,"ECOUEN"
3135,95460,"EZANVILLE"
3136,95470,"SAINT-WITZ"
3137,95470,"FOSSES"
3138,95470,"VEMARS"
3139,95470,"SURVILLIERS"
3140,95480,"PIERRELAYE"
3141,95490,"VAUREAL"
3142,95500,"GONESSE"
3143,95500,"LE THILLAY"
3144,95500,"BONNEUIL-EN-FRANCE"
3145,95510,"VETHEUIL"
3146,95520,"OSNY"
3147,95530,"LA FRETTE-SUR-SEINE"
3148,95540,"MERY-SUR-OISE"
3149,95550,"BESSANCOURT"
3150,95560,"MONTSOULT"
3151,95560,"MAFFLIERS"
3152,95560,"BAILLET-EN-FRANCE"
3153,95570,"BOUFFEMONT"
3154,95570,"MOISSELLES"
3155,95580,"MARGENCY"
3156,95580,"ANDILLY"
3157,95590,"NOINTEL"
3158,95600,"EAUBONNE"
3159,95610,"ERAGNY-SUR-OISE"
3160,95620,"PARMAIN"
3161,95630,"MERIEL"
3162,95640,"MARINES"
3163,95650,"BOISSY-L'AILLERIE"
3164,95660,"CHAMPAGNE SUR-OISE"
3165,95680,"MONTLIGNON"
3166,95690,"LABBEVILLE"
3167,95700,"ROISSY-EN-FRANCE"
3168,95740,"FREPILLON"
3169,95750,"CHARS"
3170,95760,"VALMONDOIS"
3171,95780,"LA ROCHE-GUYON"
3172,95800,"CERGY"
3173,95800,"COURDIMANCHE"
3174,95820,"BRUYERES-SUR-OISE"
3175,95830,"CORMEILLES-EN-VEXIN"
3176,95840,"VILLIERS-ADAM"
3177,95870,"BEZONS"
3178,95880,"ENGHIEN LES BAINS"
3179,97150,"SAINT MARTIN"
3180,97200,"FORT DE FRANCE"
3181,97212,"SAINT JOSEPH"
3182,97213,"GROS MORNE"
3183,97216,"AJOUPA BOUILLON"
3184,97220,"TRINITE"
3185,97222,"CASE PILOTE"
3186,97223,"DIAMANT"
3187,97224,"DUCOS"
3188,97227,"SAINTE ANNE"
3189,97228,"SAINTE LUCE"
3190,97229,"TROIS ILETS"
3191,97231,"ROBERT"
3192,97232,"LE LAMENTIN"
3193,97233,"SCHOELCHER"
3194,97234,"FORT DE FRANCE"
3195,97240,"FRANCOIS"
3196,97280,"VAUCLIN"
3197,97290,"MARIN"
3198,97300,"CAYENNE"
3199,97310,"KOUROU"
3200,97320,"SAINT LAURENT DU MARONI"
3201,97351,"MATOURY"
3202,97354,"REMIRE MONTJOLY"
3203,97400,"SAINT DENIS"
3204,97410,"SAINT PIERRE"
3205,97417,"SAINT DENIS"
3206,97419,"LA POSSESSION"
3207,97424,"SAINT-LEU"
3208,97434,"SAINT-PAUL"
3209,97438,"SAINTE MARIE"
3210,97440,"SAINT-ANDRE"
3211,97460,"SAINT-PAUL"
3212,97470,"SAINT-BENOIT"
3213,97490,"SAINT DENIS"
3214,,"AJACCIO"
